Product,Year,Week,Day,Quantity_Ordered,Price_Each,Week_sin,Week_cos,Qty_Lag_1,Qty_Rolling_3
Air conditioners,2019,1,1,31,651.6129032258065,0.12053668025532305,0.992708874098054,0.0,0.0
Bluetooth Headphones,2019,1,1,19,102.09526315789473,0.12053668025532305,0.992708874098054,0.0,0.0
Phone accessories,2019,1,1,94,3.311969696969697,0.12053668025532305,0.992708874098054,0.0,0.0
Phone cables,2019,1,1,116,13.038155339805826,0.12053668025532305,0.992708874098054,0.0,0.0
Refrigerators,2019,1,1,18,1349.995,0.12053668025532305,0.992708874098054,0.0,0.0
Smartwatches,2019,1,1,29,149.99724137931034,0.12053668025532305,0.992708874098054,0.0,0.0
Washing machines,2019,1,1,36,363.0486111111111,0.12053668025532305,0.992708874098054,0.0,0.0
Air conditioners,2019,1,2,31,648.3870967741935,0.12053668025532305,0.992708874098054,31.0,0.0
Bluetooth Headphones,2019,1,2,28,103.2042857142857,0.12053668025532305,0.992708874098054,19.0,0.0
Phone accessories,2019,1,2,97,3.4476923076923076,0.12053668025532305,0.992708874098054,94.0,0.0
Phone cables,2019,1,2,107,12.96375,0.12053668025532305,0.992708874098054,116.0,0.0
Refrigerators,2019,1,2,20,1314.9945,0.12053668025532305,0.992708874098054,18.0,0.0
Smartwatches,2019,1,2,52,149.99666666666667,0.12053668025532305,0.992708874098054,29.0,0.0
Washing machines,2019,1,2,33,363.62969696969697,0.12053668025532305,0.992708874098054,36.0,0.0
Air conditioners,2019,1,3,23,647.8260869565217,0.12053668025532305,0.992708874098054,31.0,0.0
Bluetooth Headphones,2019,1,3,30,101.99,0.12053668025532305,0.992708874098054,28.0,0.0
Phone accessories,2019,1,3,84,3.415,0.12053668025532305,0.992708874098054,97.0,0.0
Phone cables,2019,1,3,117,13.06728155339806,0.12053668025532305,0.992708874098054,107.0,0.0
Refrigerators,2019,1,3,7,1399.9957142857143,0.12053668025532305,0.992708874098054,20.0,0.0
Smartwatches,2019,1,3,37,149.99567567567567,0.12053668025532305,0.992708874098054,52.0,0.0
Washing machines,2019,1,3,32,372.491875,0.12053668025532305,0.992708874098054,33.0,0.0
Air conditioners,2019,1,4,22,631.8181818181819,0.12053668025532305,0.992708874098054,23.0,28.333333333333332
Bluetooth Headphones,2019,1,4,23,103.03347826086956,0.12053668025532305,0.992708874098054,30.0,25.666666666666668
Phone accessories,2019,1,4,71,3.3441666666666667,0.12053668025532305,0.992708874098054,84.0,91.66666666666667
Phone cables,2019,1,4,121,12.959629629629628,0.12053668025532305,0.992708874098054,117.0,113.33333333333333
Refrigerators,2019,1,4,18,1388.8844444444444,0.12053668025532305,0.992708874098054,7.0,15.0
Smartwatches,2019,1,4,39,149.99615384615385,0.12053668025532305,0.992708874098054,37.0,39.333333333333336
Washing machines,2019,1,4,36,363.8836111111111,0.12053668025532305,0.992708874098054,32.0,33.666666666666664
Air conditioners,2019,1,5,19,636.8421052631579,0.12053668025532305,0.992708874098054,22.0,25.333333333333332
Bluetooth Headphones,2019,1,5,28,101.77571428571427,0.12053668025532305,0.992708874098054,23.0,27.0
Phone accessories,2019,1,5,113,3.3858904109589045,0.12053668025532305,0.992708874098054,71.0,84.0
Phone cables,2019,1,5,118,12.983571428571427,0.12053668025532305,0.992708874098054,121.0,115.0
Refrigerators,2019,1,5,11,1254.5390909090909,0.12053668025532305,0.992708874098054,18.0,15.0
Smartwatches,2019,1,5,39,149.99605263157895,0.12053668025532305,0.992708874098054,39.0,42.666666666666664
Washing machines,2019,1,5,27,370.732962962963,0.12053668025532305,0.992708874098054,36.0,33.666666666666664
Air conditioners,2019,1,6,30,640.0,0.12053668025532305,0.992708874098054,19.0,21.333333333333332
Bluetooth Headphones,2019,1,6,28,102.21222222222222,0.12053668025532305,0.992708874098054,28.0,27.0
Phone accessories,2019,1,6,84,3.389242424242424,0.12053668025532305,0.992708874098054,113.0,89.33333333333333
Phone cables,2019,1,6,105,12.991249999999999,0.12053668025532305,0.992708874098054,118.0,118.66666666666667
Refrigerators,2019,1,6,12,1291.6608333333334,0.12053668025532305,0.992708874098054,11.0,12.0
Smartwatches,2019,1,6,39,149.99666666666667,0.12053668025532305,0.992708874098054,39.0,38.333333333333336
Washing machines,2019,1,6,21,367.61285714285714,0.12053668025532305,0.992708874098054,27.0,31.666666666666668
Air conditioners,2019,1,30,57,649.1228070175439,0.12053668025532305,0.992708874098054,30.0,23.666666666666668
Bluetooth Headphones,2019,1,30,80,102.52164556962025,0.12053668025532305,0.992708874098054,28.0,26.333333333333332
Phone accessories,2019,1,30,278,3.3987431693989074,0.12053668025532305,0.992708874098054,84.0,89.33333333333333
Phone cables,2019,1,30,275,12.964803149606299,0.12053668025532305,0.992708874098054,105.0,114.66666666666667
Refrigerators,2019,1,30,39,1358.969487179487,0.12053668025532305,0.992708874098054,12.0,13.666666666666666
Smartwatches,2019,1,30,108,149.99644859813085,0.12053668025532305,0.992708874098054,39.0,39.0
Washing machines,2019,1,30,91,367.3569230769231,0.12053668025532305,0.992708874098054,21.0,28.0
Air conditioners,2019,1,31,50,646.0,0.12053668025532305,0.992708874098054,57.0,35.333333333333336
Bluetooth Headphones,2019,1,31,70,103.32333333333332,0.12053668025532305,0.992708874098054,80.0,45.333333333333336
Phone accessories,2019,1,31,305,3.404734299516908,0.12053668025532305,0.992708874098054,278.0,158.33333333333334
Phone cables,2019,1,31,277,12.893875968992248,0.12053668025532305,0.992708874098054,275.0,166.0
Refrigerators,2019,1,31,41,1256.091219512195,0.12053668025532305,0.992708874098054,39.0,20.666666666666668
Smartwatches,2019,1,31,74,149.9967605633803,0.12053668025532305,0.992708874098054,108.0,62.0
Washing machines,2019,1,31,69,358.25565217391306,0.12053668025532305,0.992708874098054,91.0,46.333333333333336
Air conditioners,2019,2,7,23,656.5217391304348,0.23931566428755774,0.970941817426052,50.0,45.666666666666664
Bluetooth Headphones,2019,2,7,30,102.32333333333332,0.23931566428755774,0.970941817426052,70.0,59.333333333333336
Phone accessories,2019,2,7,100,3.456901408450704,0.23931566428755774,0.970941817426052,305.0,222.33333333333334
Phone cables,2019,2,7,109,13.096796116504855,0.23931566428755774,0.970941817426052,277.0,219.0
Refrigerators,2019,2,7,13,1323.0715384615385,0.23931566428755774,0.970941817426052,41.0,30.666666666666668
Smartwatches,2019,2,7,39,149.99589743589743,0.23931566428755774,0.970941817426052,74.0,73.66666666666667
Washing machines,2019,2,7,29,368.268275862069,0.23931566428755774,0.970941817426052,69.0,60.333333333333336
Air conditioners,2019,2,8,18,633.3333333333334,0.23931566428755774,0.970941817426052,23.0,43.333333333333336
Bluetooth Headphones,2019,2,8,21,101.49,0.23931566428755774,0.970941817426052,30.0,60.0
Phone accessories,2019,2,8,94,3.4215384615384616,0.23931566428755774,0.970941817426052,100.0,227.66666666666666
Phone cables,2019,2,8,104,12.862400000000001,0.23931566428755774,0.970941817426052,109.0,220.33333333333334
Refrigerators,2019,2,8,17,1452.9376470588234,0.23931566428755774,0.970941817426052,13.0,31.0
Smartwatches,2019,2,8,35,149.99800000000002,0.23931566428755774,0.970941817426052,39.0,73.66666666666667
Washing machines,2019,2,8,29,378.61310344827587,0.23931566428755774,0.970941817426052,29.0,63.0
Air conditioners,2019,2,9,22,654.5454545454545,0.23931566428755774,0.970941817426052,18.0,30.333333333333332
Bluetooth Headphones,2019,2,9,32,103.4275,0.23931566428755774,0.970941817426052,21.0,40.333333333333336
Phone accessories,2019,2,9,99,3.4213432835820896,0.23931566428755774,0.970941817426052,94.0,166.33333333333334
Phone cables,2019,2,9,118,13.052545454545454,0.23931566428755774,0.970941817426052,104.0,163.33333333333334
Refrigerators,2019,2,9,11,1445.450909090909,0.23931566428755774,0.970941817426052,17.0,23.666666666666668
Smartwatches,2019,2,9,37,149.99675675675675,0.23931566428755774,0.970941817426052,35.0,49.333333333333336
Washing machines,2019,2,9,38,371.5721052631579,0.23931566428755774,0.970941817426052,29.0,42.333333333333336
Air conditioners,2019,2,10,29,651.7241379310345,0.23931566428755774,0.970941817426052,22.0,21.0
Bluetooth Headphones,2019,2,10,37,101.88189189189188,0.23931566428755774,0.970941817426052,32.0,27.666666666666668
Phone accessories,2019,2,10,92,3.3959701492537313,0.23931566428755774,0.970941817426052,99.0,97.66666666666667
Phone cables,2019,2,10,123,13.141794871794872,0.23931566428755774,0.970941817426052,118.0,110.33333333333333
Refrigerators,2019,2,10,11,1190.9018181818183,0.23931566428755774,0.970941817426052,11.0,13.666666666666666
Smartwatches,2019,2,10,42,149.99761904761903,0.23931566428755774,0.970941817426052,37.0,37.0
Washing machines,2019,2,10,34,372.11454545454546,0.23931566428755774,0.970941817426052,38.0,32.0
Air conditioners,2019,2,11,22,663.6363636363636,0.23931566428755774,0.970941817426052,29.0,23.0
Bluetooth Headphones,2019,2,11,33,103.02030303030301,0.23931566428755774,0.970941817426052,37.0,30.0
Phone accessories,2019,2,11,83,3.4607692307692304,0.23931566428755774,0.970941817426052,92.0,95.0
Phone cables,2019,2,11,114,12.915818181818182,0.23931566428755774,0.970941817426052,123.0,115.0
Refrigerators,2019,2,11,26,1403.841923076923,0.23931566428755774,0.970941817426052,11.0,13.0
Smartwatches,2019,2,11,41,149.99560975609756,0.23931566428755774,0.970941817426052,42.0,38.0
Washing machines,2019,2,11,44,363.85795454545456,0.23931566428755774,0.970941817426052,34.0,33.666666666666664
Air conditioners,2019,2,12,21,638.0952380952381,0.23931566428755774,0.970941817426052,22.0,24.333333333333332
Bluetooth Headphones,2019,2,12,27,101.52846153846153,0.23931566428755774,0.970941817426052,33.0,34.0
Phone accessories,2019,2,12,110,3.3276712328767126,0.23931566428755774,0.970941817426052,83.0,91.33333333333333
Phone cables,2019,2,12,95,12.758735632183908,0.23931566428755774,0.970941817426052,114.0,118.33333333333333
Refrigerators,2019,2,12,10,1139.992,0.23931566428755774,0.970941817426052,26.0,16.0
Smartwatches,2019,2,12,43,149.9972093023256,0.23931566428755774,0.970941817426052,41.0,40.0
Washing machines,2019,2,12,34,369.11117647058825,0.23931566428755774,0.970941817426052,44.0,38.666666666666664
Air conditioners,2019,2,13,31,654.8387096774194,0.23931566428755774,0.970941817426052,21.0,24.0
Bluetooth Headphones,2019,2,13,36,102.21222222222222,0.23931566428755774,0.970941817426052,27.0,32.333333333333336
Phone accessories,2019,2,13,112,3.323108108108108,0.23931566428755774,0.970941817426052,110.0,95.0
Phone cables,2019,2,13,111,12.8648,0.23931566428755774,0.970941817426052,95.0,110.66666666666667
Refrigerators,2019,2,13,12,1583.3316666666667,0.23931566428755774,0.970941817426052,10.0,15.666666666666666
Smartwatches,2019,2,13,37,149.99675675675675,0.23931566428755774,0.970941817426052,43.0,42.0
Washing machines,2019,2,13,29,377.9234482758621,0.23931566428755774,0.970941817426052,34.0,37.333333333333336
Air conditioners,2019,3,14,15,653.3333333333334,0.3546048870425356,0.9350162426854148,31.0,24.666666666666668
Bluetooth Headphones,2019,3,14,26,101.14384615384614,0.3546048870425356,0.9350162426854148,36.0,32.0
Phone accessories,2019,3,14,92,3.394098360655738,0.3546048870425356,0.9350162426854148,112.0,101.66666666666667
Phone cables,2019,3,14,113,12.730392156862745,0.3546048870425356,0.9350162426854148,111.0,106.66666666666667
Refrigerators,2019,3,14,14,1399.9957142857143,0.3546048870425356,0.9350162426854148,12.0,16.0
Smartwatches,2019,3,14,32,149.9965625,0.3546048870425356,0.9350162426854148,37.0,40.333333333333336
Washing machines,2019,3,14,32,359.68125,0.3546048870425356,0.9350162426854148,29.0,35.666666666666664
Air conditioners,2019,3,15,26,640.0,0.3546048870425356,0.9350162426854148,15.0,22.333333333333332
Bluetooth Headphones,2019,3,15,25,101.99,0.3546048870425356,0.9350162426854148,26.0,29.666666666666668
Phone accessories,2019,3,15,96,3.391388888888889,0.3546048870425356,0.9350162426854148,92.0,104.66666666666667
Phone cables,2019,3,15,109,12.902380952380952,0.3546048870425356,0.9350162426854148,113.0,106.33333333333333
Refrigerators,2019,3,15,17,1370.5835294117646,0.3546048870425356,0.9350162426854148,14.0,12.0
Smartwatches,2019,3,15,47,149.99630434782608,0.3546048870425356,0.9350162426854148,32.0,37.333333333333336
Washing machines,2019,3,15,38,358.9428947368421,0.3546048870425356,0.9350162426854148,32.0,31.666666666666668
Air conditioners,2019,3,16,16,650.0,0.3546048870425356,0.9350162426854148,26.0,24.0
Bluetooth Headphones,2019,3,16,35,101.7042857142857,0.3546048870425356,0.9350162426854148,25.0,29.0
Phone accessories,2019,3,16,99,3.4031944444444444,0.3546048870425356,0.9350162426854148,96.0,100.0
Phone cables,2019,3,16,106,13.06494736842105,0.3546048870425356,0.9350162426854148,109.0,111.0
Refrigerators,2019,3,16,12,1291.6608333333334,0.3546048870425356,0.9350162426854148,17.0,14.333333333333334
Smartwatches,2019,3,16,44,149.9965909090909,0.3546048870425356,0.9350162426854148,47.0,38.666666666666664
Washing machines,2019,3,16,37,365.3989189189189,0.3546048870425356,0.9350162426854148,38.0,33.0
Air conditioners,2019,3,17,22,631.8181818181819,0.3546048870425356,0.9350162426854148,16.0,19.0
Bluetooth Headphones,2019,3,17,24,101.65666666666665,0.3546048870425356,0.9350162426854148,35.0,28.666666666666668
Phone accessories,2019,3,17,99,3.420666666666667,0.3546048870425356,0.9350162426854148,99.0,95.66666666666667
Phone cables,2019,3,17,94,13.08012048192771,0.3546048870425356,0.9350162426854148,106.0,109.33333333333333
Refrigerators,2019,3,17,16,1262.49375,0.3546048870425356,0.9350162426854148,12.0,14.333333333333334
Smartwatches,2019,3,17,42,149.99666666666667,0.3546048870425356,0.9350162426854148,44.0,41.0
Washing machines,2019,3,17,30,358.32800000000003,0.3546048870425356,0.9350162426854148,37.0,35.666666666666664
Air conditioners,2019,3,18,29,637.9310344827586,0.3546048870425356,0.9350162426854148,22.0,21.333333333333332
Bluetooth Headphones,2019,3,18,32,104.0525,0.3546048870425356,0.9350162426854148,24.0,28.0
Phone accessories,2019,3,18,97,3.415,0.3546048870425356,0.9350162426854148,99.0,98.0
Phone cables,2019,3,18,123,12.91,0.3546048870425356,0.9350162426854148,94.0,103.0
Refrigerators,2019,3,18,4,1700.0,0.3546048870425356,0.9350162426854148,16.0,15.0
Smartwatches,2019,3,18,37,149.99567567567567,0.3546048870425356,0.9350162426854148,42.0,44.333333333333336
Washing machines,2019,3,18,33,374.8415151515152,0.3546048870425356,0.9350162426854148,30.0,35.0
Air conditioners,2019,3,19,24,650.0,0.3546048870425356,0.9350162426854148,29.0,22.333333333333332
Bluetooth Headphones,2019,3,19,23,100.42478260869565,0.3546048870425356,0.9350162426854148,32.0,30.333333333333332
Phone accessories,2019,3,19,104,3.492816901408451,0.3546048870425356,0.9350162426854148,97.0,98.33333333333333
Phone cables,2019,3,19,124,12.761327433628319,0.3546048870425356,0.9350162426854148,123.0,107.66666666666667
Refrigerators,2019,3,19,14,1349.9950000000001,0.3546048870425356,0.9350162426854148,4.0,10.666666666666666
Smartwatches,2019,3,19,42,149.99714285714285,0.3546048870425356,0.9350162426854148,37.0,41.0
Washing machines,2019,3,19,33,360.9033333333333,0.3546048870425356,0.9350162426854148,33.0,33.333333333333336
Air conditioners,2019,3,20,23,643.4782608695652,0.3546048870425356,0.9350162426854148,24.0,25.0
Bluetooth Headphones,2019,3,20,27,101.84185185185186,0.3546048870425356,0.9350162426854148,23.0,26.333333333333332
Phone accessories,2019,3,20,111,3.415,0.3546048870425356,0.9350162426854148,104.0,100.0
Phone cables,2019,3,20,128,12.747073170731706,0.3546048870425356,0.9350162426854148,124.0,113.66666666666667
Refrigerators,2019,3,20,22,1381.8136363636365,0.3546048870425356,0.9350162426854148,14.0,11.333333333333334
Smartwatches,2019,3,20,42,149.9959523809524,0.3546048870425356,0.9350162426854148,42.0,40.333333333333336
Washing machines,2019,3,20,32,369.6821875,0.3546048870425356,0.9350162426854148,33.0,32.0
Air conditioners,2019,4,21,33,657.5757575757576,0.4647231720437685,0.8854560256532099,23.0,25.333333333333332
Bluetooth Headphones,2019,4,21,28,102.95296296296296,0.4647231720437685,0.8854560256532099,27.0,27.333333333333332
Phone accessories,2019,4,21,106,3.4773333333333336,0.4647231720437685,0.8854560256532099,111.0,104.0
Phone cables,2019,4,21,102,13.00557894736842,0.4647231720437685,0.8854560256532099,128.0,125.0
Refrigerators,2019,4,21,13,1376.9184615384615,0.4647231720437685,0.8854560256532099,22.0,13.333333333333334
Smartwatches,2019,4,21,29,149.99758620689656,0.4647231720437685,0.8854560256532099,42.0,40.333333333333336
Washing machines,2019,4,21,35,355.1382857142857,0.4647231720437685,0.8854560256532099,32.0,32.666666666666664
Air conditioners,2019,4,22,24,641.6666666666666,0.4647231720437685,0.8854560256532099,33.0,26.666666666666668
Bluetooth Headphones,2019,4,22,34,102.6370588235294,0.4647231720437685,0.8854560256532099,28.0,26.0
Phone accessories,2019,4,22,100,3.314342105263158,0.4647231720437685,0.8854560256532099,106.0,107.0
Phone cables,2019,4,22,120,12.970884955752213,0.4647231720437685,0.8854560256532099,102.0,118.0
Refrigerators,2019,4,22,16,1393.745625,0.4647231720437685,0.8854560256532099,13.0,16.333333333333332
Smartwatches,2019,4,22,35,149.9962857142857,0.4647231720437685,0.8854560256532099,29.0,37.666666666666664
Washing machines,2019,4,22,30,368.6596666666667,0.4647231720437685,0.8854560256532099,35.0,33.333333333333336
Air conditioners,2019,4,23,25,672.0,0.4647231720437685,0.8854560256532099,24.0,26.666666666666668
Bluetooth Headphones,2019,4,23,32,103.86096774193548,0.4647231720437685,0.8854560256532099,34.0,29.666666666666668
Phone accessories,2019,4,23,90,3.4072727272727272,0.4647231720437685,0.8854560256532099,100.0,105.66666666666667
Phone cables,2019,4,23,100,13.141011235955055,0.4647231720437685,0.8854560256532099,120.0,116.66666666666667
Refrigerators,2019,4,23,15,1419.9959999999999,0.4647231720437685,0.8854560256532099,16.0,17.0
Smartwatches,2019,4,23,40,149.99615384615385,0.4647231720437685,0.8854560256532099,35.0,35.333333333333336
Washing machines,2019,4,23,23,370.4291304347826,0.4647231720437685,0.8854560256532099,30.0,32.333333333333336
Air conditioners,2019,4,24,33,636.3636363636364,0.4647231720437685,0.8854560256532099,25.0,27.333333333333332
Bluetooth Headphones,2019,4,24,30,102.65666666666667,0.4647231720437685,0.8854560256532099,32.0,31.333333333333332
Phone accessories,2019,4,24,118,3.4357317073170734,0.4647231720437685,0.8854560256532099,90.0,98.66666666666667
Phone cables,2019,4,24,129,12.94606557377049,0.4647231720437685,0.8854560256532099,100.0,107.33333333333333
Refrigerators,2019,4,24,9,1388.8844444444444,0.4647231720437685,0.8854560256532099,15.0,14.666666666666666
Smartwatches,2019,4,24,41,149.9958536585366,0.4647231720437685,0.8854560256532099,40.0,34.666666666666664
Washing machines,2019,4,24,31,356.4464516129032,0.4647231720437685,0.8854560256532099,23.0,29.333333333333332
Air conditioners,2019,4,25,24,654.1666666666666,0.4647231720437685,0.8854560256532099,33.0,27.333333333333332
Bluetooth Headphones,2019,4,25,33,103.32333333333332,0.4647231720437685,0.8854560256532099,30.0,32.0
Phone accessories,2019,4,25,85,3.4352380952380956,0.4647231720437685,0.8854560256532099,118.0,102.66666666666667
Phone cables,2019,4,25,123,12.885384615384615,0.4647231720437685,0.8854560256532099,129.0,116.33333333333333
Refrigerators,2019,4,25,17,1288.229411764706,0.4647231720437685,0.8854560256532099,9.0,13.333333333333334
Smartwatches,2019,4,25,26,149.99692307692308,0.4647231720437685,0.8854560256532099,41.0,38.666666666666664
Washing machines,2019,4,25,30,364.66066666666666,0.4647231720437685,0.8854560256532099,31.0,28.0
Air conditioners,2019,4,26,33,669.6969696969697,0.4647231720437685,0.8854560256532099,24.0,27.333333333333332
Bluetooth Headphones,2019,4,26,29,103.78310344827587,0.4647231720437685,0.8854560256532099,33.0,31.666666666666668
Phone accessories,2019,4,26,126,3.4564634146341464,0.4647231720437685,0.8854560256532099,85.0,97.66666666666667
Phone cables,2019,4,26,128,12.945294117647059,0.4647231720437685,0.8854560256532099,123.0,117.33333333333333
Refrigerators,2019,4,26,16,1349.995,0.4647231720437685,0.8854560256532099,17.0,13.666666666666666
Smartwatches,2019,4,26,50,149.99591836734695,0.4647231720437685,0.8854560256532099,26.0,35.666666666666664
Washing machines,2019,4,26,41,370.2368292682927,0.4647231720437685,0.8854560256532099,30.0,28.0
Air conditioners,2019,4,27,24,658.3333333333334,0.4647231720437685,0.8854560256532099,33.0,30.0
Bluetooth Headphones,2019,4,27,30,102.32333333333332,0.4647231720437685,0.8854560256532099,29.0,30.666666666666668
Phone accessories,2019,4,27,88,3.4346153846153844,0.4647231720437685,0.8854560256532099,126.0,109.66666666666667
Phone cables,2019,4,27,104,12.815684210526316,0.4647231720437685,0.8854560256532099,128.0,126.66666666666667
Refrigerators,2019,4,27,18,1349.995,0.4647231720437685,0.8854560256532099,16.0,14.0
Smartwatches,2019,4,27,47,149.9972340425532,0.4647231720437685,0.8854560256532099,50.0,39.0
Washing machines,2019,4,27,32,369.6815625,0.4647231720437685,0.8854560256532099,41.0,34.0
Air conditioners,2019,5,1,35,654.2857142857143,0.5680647467311558,0.8229838658936564,24.0,27.0
Bluetooth Headphones,2019,5,1,42,102.48999999999998,0.5680647467311558,0.8229838658936564,30.0,30.666666666666668
Phone accessories,2019,5,1,122,3.396521739130435,0.5680647467311558,0.8229838658936564,88.0,99.66666666666667
Phone cables,2019,5,1,162,13.001733333333334,0.5680647467311558,0.8229838658936564,104.0,118.33333333333333
Refrigerators,2019,5,1,15,1233.3266666666668,0.5680647467311558,0.8229838658936564,18.0,17.0
Smartwatches,2019,5,1,36,149.99694444444447,0.5680647467311558,0.8229838658936564,47.0,41.0
Washing machines,2019,5,1,49,369.99291666666664,0.5680647467311558,0.8229838658936564,32.0,34.333333333333336
Air conditioners,2019,5,2,41,648.780487804878,0.5680647467311558,0.8229838658936564,35.0,30.666666666666668
Bluetooth Headphones,2019,5,2,42,102.42902439024391,0.5680647467311558,0.8229838658936564,42.0,33.666666666666664
Phone accessories,2019,5,2,140,3.415,0.5680647467311558,0.8229838658936564,122.0,112.0
Phone cables,2019,5,2,170,13.075534591194968,0.5680647467311558,0.8229838658936564,162.0,131.33333333333334
Refrigerators,2019,5,2,16,1437.49625,0.5680647467311558,0.8229838658936564,15.0,16.333333333333332
Smartwatches,2019,5,2,55,149.99727272727273,0.5680647467311558,0.8229838658936564,36.0,44.333333333333336
Washing machines,2019,5,2,35,373.13742857142853,0.5680647467311558,0.8229838658936564,49.0,40.666666666666664
Air conditioners,2019,5,3,32,659.375,0.5680647467311558,0.8229838658936564,41.0,33.333333333333336
Bluetooth Headphones,2019,5,3,42,100.94238095238094,0.5680647467311558,0.8229838658936564,42.0,38.0
Phone accessories,2019,5,3,118,3.462222222222222,0.5680647467311558,0.8229838658936564,140.0,116.66666666666667
Phone cables,2019,5,3,142,12.893407407407407,0.5680647467311558,0.8229838658936564,170.0,145.33333333333334
Refrigerators,2019,5,3,19,1257.8884210526317,0.5680647467311558,0.8229838658936564,16.0,16.333333333333332
Smartwatches,2019,5,3,59,149.9971186440678,0.5680647467311558,0.8229838658936564,55.0,46.0
Washing machines,2019,5,3,35,361.4214285714286,0.5680647467311558,0.8229838658936564,35.0,38.666666666666664
Air conditioners,2019,5,28,29,648.2758620689655,0.5680647467311558,0.8229838658936564,32.0,36.0
Bluetooth Headphones,2019,5,28,27,102.95296296296296,0.5680647467311558,0.8229838658936564,42.0,42.0
Phone accessories,2019,5,28,97,3.415,0.5680647467311558,0.8229838658936564,118.0,126.66666666666667
Phone cables,2019,5,28,136,12.938527131782946,0.5680647467311558,0.8229838658936564,142.0,158.0
Refrigerators,2019,5,28,14,1299.9942857142855,0.5680647467311558,0.8229838658936564,19.0,16.666666666666668
Smartwatches,2019,5,28,38,149.99684210526317,0.5680647467311558,0.8229838658936564,59.0,50.0
Washing machines,2019,5,28,27,363.455,0.5680647467311558,0.8229838658936564,35.0,39.666666666666664
Air conditioners,2019,5,29,29,637.9310344827586,0.5680647467311558,0.8229838658936564,29.0,34.0
Bluetooth Headphones,2019,5,29,22,102.26272727272726,0.5680647467311558,0.8229838658936564,27.0,37.0
Phone accessories,2019,5,29,109,3.3542857142857145,0.5680647467311558,0.8229838658936564,97.0,118.33333333333333
Phone cables,2019,5,29,111,12.991904761904761,0.5680647467311558,0.8229838658936564,136.0,149.33333333333334
Refrigerators,2019,5,29,14,1649.9992857142859,0.5680647467311558,0.8229838658936564,14.0,16.333333333333332
Smartwatches,2019,5,29,49,149.99693877551022,0.5680647467311558,0.8229838658936564,38.0,50.666666666666664
Washing machines,2019,5,29,24,362.07750000000004,0.5680647467311558,0.8229838658936564,27.0,32.333333333333336
Air conditioners,2019,5,30,23,656.5217391304348,0.5680647467311558,0.8229838658936564,29.0,30.0
Bluetooth Headphones,2019,5,30,25,102.79,0.5680647467311558,0.8229838658936564,22.0,30.333333333333332
Phone accessories,2019,5,30,99,3.415,0.5680647467311558,0.8229838658936564,109.0,108.0
Phone cables,2019,5,30,106,12.7724,0.5680647467311558,0.8229838658936564,111.0,129.66666666666666
Refrigerators,2019,5,30,15,1279.994,0.5680647467311558,0.8229838658936564,14.0,15.666666666666666
Smartwatches,2019,5,30,38,149.9971052631579,0.5680647467311558,0.8229838658936564,49.0,48.666666666666664
Washing machines,2019,5,30,33,363.02393939393943,0.5680647467311558,0.8229838658936564,24.0,28.666666666666668
Air conditioners,2019,5,31,24,654.1666666666666,0.5680647467311558,0.8229838658936564,23.0,27.0
Bluetooth Headphones,2019,5,31,20,101.49,0.5680647467311558,0.8229838658936564,25.0,24.666666666666668
Phone accessories,2019,5,31,70,3.4069811320754715,0.5680647467311558,0.8229838658936564,99.0,101.66666666666667
Phone cables,2019,5,31,99,13.20471264367816,0.5680647467311558,0.8229838658936564,106.0,117.66666666666667
Refrigerators,2019,5,31,19,1349.995,0.5680647467311558,0.8229838658936564,15.0,14.333333333333334
Smartwatches,2019,5,31,45,149.99681818181818,0.5680647467311558,0.8229838658936564,38.0,41.666666666666664
Washing machines,2019,5,31,31,356.7683870967742,0.5680647467311558,0.8229838658936564,33.0,28.0
Air conditioners,2019,6,4,34,644.1176470588235,0.6631226582407952,0.7485107481711011,24.0,25.333333333333332
Bluetooth Headphones,2019,6,4,42,102.42902439024391,0.6631226582407952,0.7485107481711011,20.0,22.333333333333332
Phone accessories,2019,6,4,135,3.401578947368421,0.6631226582407952,0.7485107481711011,70.0,92.66666666666667
Phone cables,2019,6,4,140,12.832137404580152,0.6631226582407952,0.7485107481711011,99.0,105.33333333333333
Refrigerators,2019,6,4,16,1262.49375,0.6631226582407952,0.7485107481711011,19.0,16.0
Smartwatches,2019,6,4,46,149.99652173913043,0.6631226582407952,0.7485107481711011,45.0,44.0
Washing machines,2019,6,4,39,377.1725641025641,0.6631226582407952,0.7485107481711011,31.0,29.333333333333332
Air conditioners,2019,6,5,34,655.8823529411765,0.6631226582407952,0.7485107481711011,34.0,27.0
Bluetooth Headphones,2019,6,5,40,102.73999999999998,0.6631226582407952,0.7485107481711011,42.0,29.0
Phone accessories,2019,6,5,118,3.4905555555555554,0.6631226582407952,0.7485107481711011,135.0,101.33333333333333
Phone cables,2019,6,5,133,13.194102564102565,0.6631226582407952,0.7485107481711011,140.0,115.0
Refrigerators,2019,6,5,17,1452.9376470588234,0.6631226582407952,0.7485107481711011,16.0,16.666666666666668
Smartwatches,2019,6,5,47,149.99717391304347,0.6631226582407952,0.7485107481711011,46.0,43.0
Washing machines,2019,6,5,43,367.4341860465116,0.6631226582407952,0.7485107481711011,39.0,34.333333333333336
Air conditioners,2019,6,6,35,645.7142857142857,0.6631226582407952,0.7485107481711011,34.0,30.666666666666668
Bluetooth Headphones,2019,6,6,31,101.92548387096774,0.6631226582407952,0.7485107481711011,40.0,34.0
Phone accessories,2019,6,6,100,3.359078947368421,0.6631226582407952,0.7485107481711011,118.0,107.66666666666667
Phone cables,2019,6,6,163,12.747908496732025,0.6631226582407952,0.7485107481711011,133.0,124.0
Refrigerators,2019,6,6,26,1269.2246153846152,0.6631226582407952,0.7485107481711011,17.0,17.333333333333332
Smartwatches,2019,6,6,49,149.99714285714288,0.6631226582407952,0.7485107481711011,47.0,46.0
Washing machines,2019,6,6,48,369.99354166666666,0.6631226582407952,0.7485107481711011,43.0,37.666666666666664
Air conditioners,2019,6,7,33,666.6666666666666,0.6631226582407952,0.7485107481711011,35.0,34.333333333333336
Bluetooth Headphones,2019,6,7,44,102.71727272727271,0.6631226582407952,0.7485107481711011,31.0,37.666666666666664
Phone accessories,2019,6,7,133,3.3969148936170215,0.6631226582407952,0.7485107481711011,100.0,117.66666666666667
Phone cables,2019,6,7,145,12.830289855072463,0.6631226582407952,0.7485107481711011,163.0,145.33333333333334
Refrigerators,2019,6,7,15,1279.994,0.6631226582407952,0.7485107481711011,26.0,19.666666666666668
Smartwatches,2019,6,7,54,149.9967924528302,0.6631226582407952,0.7485107481711011,49.0,47.333333333333336
Washing machines,2019,6,7,50,363.7934,0.6631226582407952,0.7485107481711011,48.0,43.333333333333336
Air conditioners,2019,6,8,44,654.5454545454545,0.6631226582407952,0.7485107481711011,33.0,34.0
Bluetooth Headphones,2019,6,8,33,101.5525,0.6631226582407952,0.7485107481711011,44.0,38.333333333333336
Phone accessories,2019,6,8,122,3.4098795180722887,0.6631226582407952,0.7485107481711011,133.0,117.0
Phone cables,2019,6,8,167,12.932857142857141,0.6631226582407952,0.7485107481711011,145.0,147.0
Refrigerators,2019,6,8,26,1323.0715384615385,0.6631226582407952,0.7485107481711011,15.0,19.333333333333332
Smartwatches,2019,6,8,48,149.9976595744681,0.6631226582407952,0.7485107481711011,54.0,50.0
Washing machines,2019,6,8,49,370.8260416666667,0.6631226582407952,0.7485107481711011,50.0,47.0
Air conditioners,2019,6,9,36,644.4444444444445,0.6631226582407952,0.7485107481711011,44.0,37.333333333333336
Bluetooth Headphones,2019,6,9,38,102.62157894736842,0.6631226582407952,0.7485107481711011,33.0,36.0
Phone accessories,2019,6,9,108,3.437972972972973,0.6631226582407952,0.7485107481711011,122.0,118.33333333333333
Phone cables,2019,6,9,179,12.962142857142856,0.6631226582407952,0.7485107481711011,167.0,158.33333333333334
Refrigerators,2019,6,9,23,1334.777391304348,0.6631226582407952,0.7485107481711011,26.0,22.333333333333332
Smartwatches,2019,6,9,60,149.9955,0.6631226582407952,0.7485107481711011,48.0,50.333333333333336
Washing machines,2019,6,9,50,365.593,0.6631226582407952,0.7485107481711011,49.0,49.0
Air conditioners,2019,6,10,28,635.7142857142857,0.6631226582407952,0.7485107481711011,36.0,37.666666666666664
Bluetooth Headphones,2019,6,10,35,101.13285714285713,0.6631226582407952,0.7485107481711011,38.0,38.333333333333336
Phone accessories,2019,6,10,165,3.361428571428571,0.6631226582407952,0.7485107481711011,108.0,121.0
Phone cables,2019,6,10,154,13.127222222222223,0.6631226582407952,0.7485107481711011,179.0,163.66666666666666
Refrigerators,2019,6,10,21,1333.328095238095,0.6631226582407952,0.7485107481711011,23.0,21.333333333333332
Smartwatches,2019,6,10,58,149.99758620689656,0.6631226582407952,0.7485107481711011,60.0,54.0
Washing machines,2019,6,10,45,362.4377777777778,0.6631226582407952,0.7485107481711011,50.0,49.666666666666664
Air conditioners,2019,7,11,30,650.0,0.7485107481711011,0.6631226582407953,28.0,36.0
Bluetooth Headphones,2019,7,11,41,102.42902439024391,0.7485107481711011,0.6631226582407953,35.0,35.333333333333336
Phone accessories,2019,7,11,146,3.4360396039603964,0.7485107481711011,0.6631226582407953,165.0,131.66666666666666
Phone cables,2019,7,11,140,12.999230769230769,0.7485107481711011,0.6631226582407953,154.0,166.66666666666666
Refrigerators,2019,7,11,16,1306.244375,0.7485107481711011,0.6631226582407953,21.0,23.333333333333332
Smartwatches,2019,7,11,50,149.9968,0.7485107481711011,0.6631226582407953,58.0,55.333333333333336
Washing machines,2019,7,11,55,376.35581818181817,0.7485107481711011,0.6631226582407953,45.0,48.0
Air conditioners,2019,7,12,34,644.1176470588235,0.7485107481711011,0.6631226582407953,30.0,31.333333333333332
Bluetooth Headphones,2019,7,12,35,102.84714285714284,0.7485107481711011,0.6631226582407953,41.0,38.0
Phone accessories,2019,7,12,130,3.410430107526882,0.7485107481711011,0.6631226582407953,146.0,139.66666666666666
Phone cables,2019,7,12,175,13.21208588957055,0.7485107481711011,0.6631226582407953,140.0,157.66666666666666
Refrigerators,2019,7,12,18,1427.773888888889,0.7485107481711011,0.6631226582407953,16.0,20.0
Smartwatches,2019,7,12,54,149.99759259259258,0.7485107481711011,0.6631226582407953,50.0,56.0
Washing machines,2019,7,12,52,365.76307692307694,0.7485107481711011,0.6631226582407953,55.0,50.0
Air conditioners,2019,7,13,38,644.7368421052631,0.7485107481711011,0.6631226582407953,34.0,30.666666666666668
Bluetooth Headphones,2019,7,13,43,101.38534883720929,0.7485107481711011,0.6631226582407953,35.0,37.0
Phone accessories,2019,7,13,178,3.349051724137931,0.7485107481711011,0.6631226582407953,130.0,147.0
Phone cables,2019,7,13,150,12.926857142857143,0.7485107481711011,0.6631226582407953,175.0,156.33333333333334
Refrigerators,2019,7,13,26,1269.2246153846152,0.7485107481711011,0.6631226582407953,18.0,18.333333333333332
Smartwatches,2019,7,13,53,149.99596153846153,0.7485107481711011,0.6631226582407953,54.0,54.0
Washing machines,2019,7,13,55,367.81163636363635,0.7485107481711011,0.6631226582407953,52.0,50.666666666666664
Air conditioners,2019,7,14,24,654.1666666666666,0.7485107481711011,0.6631226582407953,38.0,34.0
Bluetooth Headphones,2019,7,14,45,103.10111111111111,0.7485107481711011,0.6631226582407953,43.0,39.666666666666664
Phone accessories,2019,7,14,134,3.3895,0.7485107481711011,0.6631226582407953,178.0,151.33333333333334
Phone cables,2019,7,14,139,13.093076923076922,0.7485107481711011,0.6631226582407953,150.0,155.0
Refrigerators,2019,7,14,17,1370.5835294117646,0.7485107481711011,0.6631226582407953,26.0,20.0
Smartwatches,2019,7,14,61,149.9960655737705,0.7485107481711011,0.6631226582407953,53.0,52.333333333333336
Washing machines,2019,7,14,46,359.995,0.7485107481711011,0.6631226582407953,55.0,54.0
Air conditioners,2019,7,15,20,640.0,0.7485107481711011,0.6631226582407953,24.0,32.0
Bluetooth Headphones,2019,7,15,42,102.84714285714286,0.7485107481711011,0.6631226582407953,45.0,41.0
Phone accessories,2019,7,15,117,3.395232558139535,0.7485107481711011,0.6631226582407953,134.0,147.33333333333334
Phone cables,2019,7,15,153,12.975035971223022,0.7485107481711011,0.6631226582407953,139.0,154.66666666666666
Refrigerators,2019,7,15,24,1349.9950000000001,0.7485107481711011,0.6631226582407953,17.0,20.333333333333332
Smartwatches,2019,7,15,43,149.9972093023256,0.7485107481711011,0.6631226582407953,61.0,56.0
Washing machines,2019,7,15,48,358.95208333333335,0.7485107481711011,0.6631226582407953,46.0,51.0
Air conditioners,2019,7,16,32,656.25,0.7485107481711011,0.6631226582407953,20.0,27.333333333333332
Bluetooth Headphones,2019,7,16,35,101.46058823529411,0.7485107481711011,0.6631226582407953,42.0,43.333333333333336
Phone accessories,2019,7,16,124,3.325802469135802,0.7485107481711011,0.6631226582407953,117.0,143.0
Phone cables,2019,7,16,174,13.030981595092022,0.7485107481711011,0.6631226582407953,153.0,147.33333333333334
Refrigerators,2019,7,16,24,1408.3291666666667,0.7485107481711011,0.6631226582407953,24.0,22.333333333333332
Smartwatches,2019,7,16,51,149.99705882352941,0.7485107481711011,0.6631226582407953,43.0,52.333333333333336
Washing machines,2019,7,16,53,360.74867924528303,0.7485107481711011,0.6631226582407953,48.0,49.666666666666664
Air conditioners,2019,7,17,37,655.5555555555555,0.7485107481711011,0.6631226582407953,32.0,25.333333333333332
Bluetooth Headphones,2019,7,17,34,103.8135294117647,0.7485107481711011,0.6631226582407953,35.0,40.666666666666664
Phone accessories,2019,7,17,138,3.4192079207920796,0.7485107481711011,0.6631226582407953,124.0,125.0
Phone cables,2019,7,17,176,12.879426751592357,0.7485107481711011,0.6631226582407953,174.0,155.33333333333334
Refrigerators,2019,7,17,19,1442.1015789473684,0.7485107481711011,0.6631226582407953,24.0,21.666666666666668
Smartwatches,2019,7,17,55,149.99672727272727,0.7485107481711011,0.6631226582407953,51.0,51.666666666666664
Washing machines,2019,7,17,51,361.39300000000003,0.7485107481711011,0.6631226582407953,53.0,49.0
Air conditioners,2019,8,18,35,650.0,0.8229838658936564,0.5680647467311559,37.0,29.666666666666668
Bluetooth Headphones,2019,8,18,43,102.37095238095237,0.8229838658936564,0.5680647467311559,34.0,37.0
Phone accessories,2019,8,18,120,3.3484337349397593,0.8229838658936564,0.5680647467311559,138.0,126.33333333333333
Phone cables,2019,8,18,177,13.107530864197532,0.8229838658936564,0.5680647467311559,176.0,167.66666666666666
Refrigerators,2019,8,18,17,1370.5835294117646,0.8229838658936564,0.5680647467311559,19.0,22.333333333333332
Smartwatches,2019,8,18,72,149.9972857142857,0.8229838658936564,0.5680647467311559,55.0,49.666666666666664
Washing machines,2019,8,18,44,373.85659090909087,0.8229838658936564,0.5680647467311559,51.0,50.666666666666664
Air conditioners,2019,8,19,30,650.0,0.8229838658936564,0.5680647467311559,35.0,34.666666666666664
Bluetooth Headphones,2019,8,19,37,102.42243243243243,0.8229838658936564,0.5680647467311559,43.0,37.333333333333336
Phone accessories,2019,8,19,120,3.37546511627907,0.8229838658936564,0.5680647467311559,120.0,127.33333333333333
Phone cables,2019,8,19,155,12.961700680272108,0.8229838658936564,0.5680647467311559,177.0,175.66666666666666
Refrigerators,2019,8,19,21,1366.661904761905,0.8229838658936564,0.5680647467311559,17.0,20.0
Smartwatches,2019,8,19,44,149.9965909090909,0.8229838658936564,0.5680647467311559,72.0,59.333333333333336
Washing machines,2019,8,19,40,363.7435,0.8229838658936564,0.5680647467311559,44.0,49.333333333333336
Air conditioners,2019,8,20,30,643.3333333333334,0.8229838658936564,0.5680647467311559,30.0,34.0
Bluetooth Headphones,2019,8,20,33,101.50515151515151,0.8229838658936564,0.5680647467311559,37.0,38.0
Phone accessories,2019,8,20,152,3.3989622641509434,0.8229838658936564,0.5680647467311559,120.0,126.0
Phone cables,2019,8,20,166,12.91258064516129,0.8229838658936564,0.5680647467311559,155.0,169.33333333333334
Refrigerators,2019,8,20,16,1393.745625,0.8229838658936564,0.5680647467311559,21.0,19.0
Smartwatches,2019,8,20,49,149.99693877551022,0.8229838658936564,0.5680647467311559,44.0,57.0
Washing machines,2019,8,20,54,372.0684905660378,0.8229838658936564,0.5680647467311559,40.0,45.0
Air conditioners,2019,8,21,22,650.0,0.8229838658936564,0.5680647467311559,30.0,31.666666666666668
Bluetooth Headphones,2019,8,21,43,102.60904761904762,0.8229838658936564,0.5680647467311559,33.0,37.666666666666664
Phone accessories,2019,8,21,123,3.43,0.8229838658936564,0.5680647467311559,152.0,130.66666666666666
Phone cables,2019,8,21,130,13.019579831932772,0.8229838658936564,0.5680647467311559,166.0,166.0
Refrigerators,2019,8,21,28,1224.9932142857142,0.8229838658936564,0.5680647467311559,16.0,18.0
Smartwatches,2019,8,21,64,149.9971875,0.8229838658936564,0.5680647467311559,49.0,55.0
Washing machines,2019,8,21,45,360.882,0.8229838658936564,0.5680647467311559,54.0,46.0
Air conditioners,2019,8,22,34,644.1176470588235,0.8229838658936564,0.5680647467311559,22.0,27.333333333333332
Bluetooth Headphones,2019,8,22,43,101.65666666666667,0.8229838658936564,0.5680647467311559,43.0,37.666666666666664
Phone accessories,2019,8,22,162,3.410873786407767,0.8229838658936564,0.5680647467311559,123.0,131.66666666666666
Phone cables,2019,8,22,146,13.020977443609022,0.8229838658936564,0.5680647467311559,130.0,150.33333333333334
Refrigerators,2019,8,22,20,1454.9965,0.8229838658936564,0.5680647467311559,28.0,21.666666666666668
Smartwatches,2019,8,22,57,149.99526315789473,0.8229838658936564,0.5680647467311559,64.0,52.333333333333336
Washing machines,2019,8,22,45,358.4029545454545,0.8229838658936564,0.5680647467311559,45.0,46.333333333333336
Air conditioners,2019,8,23,23,647.8260869565217,0.8229838658936564,0.5680647467311559,34.0,28.666666666666668
Bluetooth Headphones,2019,8,23,21,100.99,0.8229838658936564,0.5680647467311559,43.0,39.666666666666664
Phone accessories,2019,8,23,136,3.3823076923076925,0.8229838658936564,0.5680647467311559,162.0,145.66666666666666
Phone cables,2019,8,23,153,13.003333333333334,0.8229838658936564,0.5680647467311559,146.0,147.33333333333334
Refrigerators,2019,8,23,17,1370.5835294117646,0.8229838658936564,0.5680647467311559,20.0,21.333333333333332
Smartwatches,2019,8,23,61,149.9955737704918,0.8229838658936564,0.5680647467311559,57.0,56.666666666666664
Washing machines,2019,8,23,38,368.6771052631579,0.8229838658936564,0.5680647467311559,45.0,48.0
Air conditioners,2019,8,24,34,644.1176470588235,0.8229838658936564,0.5680647467311559,23.0,26.333333333333332
Bluetooth Headphones,2019,8,24,42,102.18512195121951,0.8229838658936564,0.5680647467311559,21.0,35.666666666666664
Phone accessories,2019,8,24,163,3.4035135135135137,0.8229838658936564,0.5680647467311559,136.0,140.33333333333334
Phone cables,2019,8,24,181,13.176012269938651,0.8229838658936564,0.5680647467311559,153.0,143.0
Refrigerators,2019,8,24,16,1437.49625,0.8229838658936564,0.5680647467311559,17.0,21.666666666666668
Smartwatches,2019,8,24,55,149.9969090909091,0.8229838658936564,0.5680647467311559,61.0,60.666666666666664
Washing machines,2019,8,24,40,363.744,0.8229838658936564,0.5680647467311559,38.0,42.666666666666664
Air conditioners,2019,9,1,35,648.5714285714286,0.8854560256532099,0.4647231720437686,34.0,30.333333333333332
Bluetooth Headphones,2019,9,1,44,102.03545454545453,0.8854560256532099,0.4647231720437686,42.0,35.333333333333336
Phone accessories,2019,9,1,128,3.4652688172043007,0.8854560256532099,0.4647231720437686,163.0,153.66666666666666
Phone cables,2019,9,1,185,12.994137931034484,0.8854560256532099,0.4647231720437686,181.0,160.0
Refrigerators,2019,9,1,29,1289.6493103448277,0.8854560256532099,0.4647231720437686,16.0,17.666666666666668
Smartwatches,2019,9,1,55,149.99654545454544,0.8854560256532099,0.4647231720437686,55.0,57.666666666666664
Washing machines,2019,9,1,42,364.8712195121951,0.8854560256532099,0.4647231720437686,40.0,41.0
Air conditioners,2019,9,2,44,652.2727272727273,0.8854560256532099,0.4647231720437686,35.0,30.666666666666668
Bluetooth Headphones,2019,9,2,48,102.49,0.8854560256532099,0.4647231720437686,44.0,35.666666666666664
Phone accessories,2019,9,2,150,3.4075438596491225,0.8854560256532099,0.4647231720437686,128.0,142.33333333333334
Phone cables,2019,9,2,200,12.913225806451614,0.8854560256532099,0.4647231720437686,185.0,173.0
Refrigerators,2019,9,2,22,1318.1763636363637,0.8854560256532099,0.4647231720437686,29.0,20.666666666666668
Smartwatches,2019,9,2,64,149.99609375,0.8854560256532099,0.4647231720437686,55.0,57.0
Washing machines,2019,9,2,47,361.9093617021277,0.8854560256532099,0.4647231720437686,42.0,40.0
Air conditioners,2019,9,3,33,648.4848484848485,0.8854560256532099,0.4647231720437686,44.0,37.666666666666664
Bluetooth Headphones,2019,9,3,49,102.23489795918366,0.8854560256532099,0.4647231720437686,48.0,44.666666666666664
Phone accessories,2019,9,3,142,3.4026213592233012,0.8854560256532099,0.4647231720437686,150.0,147.0
Phone cables,2019,9,3,190,12.934634146341462,0.8854560256532099,0.4647231720437686,200.0,188.66666666666666
Refrigerators,2019,9,3,22,1413.6322727272727,0.8854560256532099,0.4647231720437686,22.0,22.333333333333332
Smartwatches,2019,9,3,58,149.99672413793104,0.8854560256532099,0.4647231720437686,64.0,58.0
Washing machines,2019,9,3,45,363.5493333333334,0.8854560256532099,0.4647231720437686,47.0,43.0
Air conditioners,2019,9,25,29,637.9310344827586,0.8854560256532099,0.4647231720437686,33.0,37.333333333333336
Bluetooth Headphones,2019,9,25,37,102.69270270270269,0.8854560256532099,0.4647231720437686,49.0,47.0
Phone accessories,2019,9,25,153,3.4111009174311926,0.8854560256532099,0.4647231720437686,142.0,140.0
Phone cables,2019,9,25,146,12.837007299270072,0.8854560256532099,0.4647231720437686,190.0,191.66666666666666
Refrigerators,2019,9,25,17,1494.114705882353,0.8854560256532099,0.4647231720437686,22.0,24.333333333333332
Smartwatches,2019,9,25,46,149.9976086956522,0.8854560256532099,0.4647231720437686,58.0,59.0
Washing machines,2019,9,25,39,360.76358974358976,0.8854560256532099,0.4647231720437686,45.0,44.666666666666664
Air conditioners,2019,9,26,35,657.1428571428571,0.8854560256532099,0.4647231720437686,29.0,35.333333333333336
Bluetooth Headphones,2019,9,26,37,102.42243243243243,0.8854560256532099,0.4647231720437686,37.0,44.666666666666664
Phone accessories,2019,9,26,112,3.5138372093023253,0.8854560256532099,0.4647231720437686,153.0,148.33333333333334
Phone cables,2019,9,26,177,12.892278481012658,0.8854560256532099,0.4647231720437686,146.0,178.66666666666666
Refrigerators,2019,9,26,19,1331.5736842105264,0.8854560256532099,0.4647231720437686,17.0,20.333333333333332
Smartwatches,2019,9,26,60,149.99733333333333,0.8854560256532099,0.4647231720437686,46.0,56.0
Washing machines,2019,9,26,45,361.10555555555555,0.8854560256532099,0.4647231720437686,39.0,43.666666666666664
Air conditioners,2019,9,27,33,645.4545454545455,0.8854560256532099,0.4647231720437686,35.0,32.333333333333336
Bluetooth Headphones,2019,9,27,51,102.73509803921569,0.8854560256532099,0.4647231720437686,37.0,41.0
Phone accessories,2019,9,27,119,3.4554761904761904,0.8854560256532099,0.4647231720437686,112.0,135.66666666666666
Phone cables,2019,9,27,178,12.961794871794872,0.8854560256532099,0.4647231720437686,177.0,171.0
Refrigerators,2019,9,27,27,1337.0318518518518,0.8854560256532099,0.4647231720437686,19.0,19.333333333333332
Smartwatches,2019,9,27,56,149.9975,0.8854560256532099,0.4647231720437686,60.0,54.666666666666664
Washing machines,2019,9,27,45,369.54844444444444,0.8854560256532099,0.4647231720437686,45.0,43.0
Air conditioners,2019,9,28,26,638.4615384615385,0.8854560256532099,0.4647231720437686,33.0,32.333333333333336
Bluetooth Headphones,2019,9,28,36,101.93444444444444,0.8854560256532099,0.4647231720437686,51.0,41.666666666666664
Phone accessories,2019,9,28,119,3.4600000000000004,0.8854560256532099,0.4647231720437686,119.0,128.0
Phone cables,2019,9,28,161,12.942,0.8854560256532099,0.4647231720437686,178.0,167.0
Refrigerators,2019,9,28,15,1419.9959999999999,0.8854560256532099,0.4647231720437686,27.0,21.0
Smartwatches,2019,9,28,44,149.9959090909091,0.8854560256532099,0.4647231720437686,56.0,54.0
Washing machines,2019,9,28,49,357.95387755102047,0.8854560256532099,0.4647231720437686,45.0,43.0
Air conditioners,2019,10,4,38,636.8421052631579,0.9350162426854148,0.35460488704253557,26.0,31.333333333333332
Bluetooth Headphones,2019,10,4,62,102.73193548387097,0.9350162426854148,0.35460488704253557,36.0,41.333333333333336
Phone accessories,2019,10,4,123,3.4610843373493974,0.9350162426854148,0.35460488704253557,119.0,116.66666666666667
Phone cables,2019,10,4,160,12.847986577181208,0.9350162426854148,0.35460488704253557,161.0,172.0
Refrigerators,2019,10,4,23,1182.6013043478263,0.9350162426854148,0.35460488704253557,15.0,20.333333333333332
Smartwatches,2019,10,4,64,149.99625,0.9350162426854148,0.35460488704253557,44.0,53.333333333333336
Washing machines,2019,10,4,52,358.2638461538462,0.9350162426854148,0.35460488704253557,49.0,46.333333333333336
Air conditioners,2019,10,5,30,640.0,0.9350162426854148,0.35460488704253557,38.0,32.333333333333336
Bluetooth Headphones,2019,10,5,50,102.0308163265306,0.9350162426854148,0.35460488704253557,62.0,49.666666666666664
Phone accessories,2019,10,5,177,3.335762711864407,0.9350162426854148,0.35460488704253557,123.0,120.33333333333333
Phone cables,2019,10,5,170,13.120379746835443,0.9350162426854148,0.35460488704253557,160.0,166.33333333333334
Refrigerators,2019,10,5,32,1393.745625,0.9350162426854148,0.35460488704253557,23.0,21.666666666666668
Smartwatches,2019,10,5,69,149.9965671641791,0.9350162426854148,0.35460488704253557,64.0,54.666666666666664
Washing machines,2019,10,5,49,370.1977551020408,0.9350162426854148,0.35460488704253557,52.0,48.666666666666664
Air conditioners,2019,10,6,40,647.5,0.9350162426854148,0.35460488704253557,30.0,31.333333333333332
Bluetooth Headphones,2019,10,6,51,102.19,0.9350162426854148,0.35460488704253557,50.0,49.333333333333336
Phone accessories,2019,10,6,160,3.448849557522124,0.9350162426854148,0.35460488704253557,177.0,139.66666666666666
Phone cables,2019,10,6,155,12.913098591549295,0.9350162426854148,0.35460488704253557,170.0,163.66666666666666
Refrigerators,2019,10,6,21,1333.328095238095,0.9350162426854148,0.35460488704253557,32.0,23.333333333333332
Smartwatches,2019,10,6,64,149.996875,0.9350162426854148,0.35460488704253557,69.0,59.0
Washing machines,2019,10,6,41,366.57975609756096,0.9350162426854148,0.35460488704253557,49.0,50.0
Air conditioners,2019,10,7,38,644.7368421052631,0.9350162426854148,0.35460488704253557,40.0,36.0
Bluetooth Headphones,2019,10,7,44,103.17181818181817,0.9350162426854148,0.35460488704253557,51.0,54.333333333333336
Phone accessories,2019,10,7,135,3.4933980582524273,0.9350162426854148,0.35460488704253557,160.0,153.33333333333334
Phone cables,2019,10,7,207,13.025343915343916,0.9350162426854148,0.35460488704253557,155.0,161.66666666666666
Refrigerators,2019,10,7,26,1376.9184615384615,0.9350162426854148,0.35460488704253557,21.0,25.333333333333332
Smartwatches,2019,10,7,58,149.99655172413793,0.9350162426854148,0.35460488704253557,64.0,65.66666666666667
Washing machines,2019,10,7,51,371.7572549019608,0.9350162426854148,0.35460488704253557,41.0,47.333333333333336
Air conditioners,2019,10,8,38,647.3684210526316,0.9350162426854148,0.35460488704253557,38.0,36.0
Bluetooth Headphones,2019,10,8,52,101.72076923076922,0.9350162426854148,0.35460488704253557,44.0,48.333333333333336
Phone accessories,2019,10,8,158,3.4189719626168222,0.9350162426854148,0.35460488704253557,135.0,157.33333333333334
Phone cables,2019,10,8,169,12.916624203821655,0.9350162426854148,0.35460488704253557,207.0,177.33333333333334
Refrigerators,2019,10,8,27,1362.9581481481482,0.9350162426854148,0.35460488704253557,26.0,26.333333333333332
Smartwatches,2019,10,8,66,149.9959090909091,0.9350162426854148,0.35460488704253557,58.0,63.666666666666664
Washing machines,2019,10,8,34,367.935,0.9350162426854148,0.35460488704253557,51.0,47.0
Air conditioners,2019,10,9,33,660.6060606060606,0.9350162426854148,0.35460488704253557,38.0,38.666666666666664
Bluetooth Headphones,2019,10,9,57,102.09526315789472,0.9350162426854148,0.35460488704253557,52.0,49.0
Phone accessories,2019,10,9,130,3.3716326530612246,0.9350162426854148,0.35460488704253557,158.0,151.0
Phone cables,2019,10,9,191,12.876436781609195,0.9350162426854148,0.35460488704253557,169.0,177.0
Refrigerators,2019,10,9,22,1540.9068181818182,0.9350162426854148,0.35460488704253557,27.0,24.666666666666668
Smartwatches,2019,10,9,68,149.99588235294118,0.9350162426854148,0.35460488704253557,66.0,62.666666666666664
Washing machines,2019,10,9,55,363.8822222222222,0.9350162426854148,0.35460488704253557,34.0,42.0
Air conditioners,2019,10,10,33,651.5151515151515,0.9350162426854148,0.35460488704253557,33.0,36.333333333333336
Bluetooth Headphones,2019,10,10,48,101.865,0.9350162426854148,0.35460488704253557,57.0,51.0
Phone accessories,2019,10,10,149,3.444455445544554,0.9350162426854148,0.35460488704253557,130.0,141.0
Phone cables,2019,10,10,182,13.125058823529411,0.9350162426854148,0.35460488704253557,191.0,189.0
Refrigerators,2019,10,10,21,1266.6604761904762,0.9350162426854148,0.35460488704253557,22.0,25.0
Smartwatches,2019,10,10,75,149.99675675675675,0.9350162426854148,0.35460488704253557,68.0,64.0
Washing machines,2019,10,10,45,361.54977777777776,0.9350162426854148,0.35460488704253557,55.0,46.666666666666664
Air conditioners,2019,11,11,32,643.75,0.970941817426052,0.23931566428755804,33.0,34.666666666666664
Bluetooth Headphones,2019,11,11,47,102.59869565217392,0.970941817426052,0.23931566428755804,48.0,52.333333333333336
Phone accessories,2019,11,11,153,3.407410714285714,0.970941817426052,0.23931566428755804,149.0,145.66666666666666
Phone cables,2019,11,11,187,13.057415730337077,0.970941817426052,0.23931566428755804,182.0,180.66666666666666
Refrigerators,2019,11,11,22,1222.7204545454545,0.970941817426052,0.23931566428755804,21.0,23.333333333333332
Smartwatches,2019,11,11,73,149.996301369863,0.970941817426052,0.23931566428755804,75.0,69.66666666666667
Washing machines,2019,11,11,61,367.5344262295082,0.970941817426052,0.23931566428755804,45.0,44.666666666666664
Air conditioners,2019,11,12,39,648.7179487179487,0.970941817426052,0.23931566428755804,32.0,32.666666666666664
Bluetooth Headphones,2019,11,12,43,101.8947619047619,0.970941817426052,0.23931566428755804,47.0,50.666666666666664
Phone accessories,2019,11,12,171,3.379252336448598,0.970941817426052,0.23931566428755804,153.0,144.0
Phone cables,2019,11,12,177,12.947763975155281,0.970941817426052,0.23931566428755804,187.0,186.66666666666666
Refrigerators,2019,11,12,22,1413.6322727272727,0.970941817426052,0.23931566428755804,22.0,21.666666666666668
Smartwatches,2019,11,12,59,149.99758620689656,0.970941817426052,0.23931566428755804,73.0,72.0
Washing machines,2019,11,12,48,374.99291666666664,0.970941817426052,0.23931566428755804,61.0,53.666666666666664
Air conditioners,2019,11,13,28,642.8571428571429,0.970941817426052,0.23931566428755804,39.0,34.666666666666664
Bluetooth Headphones,2019,11,13,49,100.62829787234043,0.970941817426052,0.23931566428755804,43.0,46.0
Phone accessories,2019,11,13,144,3.4386111111111113,0.970941817426052,0.23931566428755804,171.0,157.66666666666666
Phone cables,2019,11,13,196,13.081954022988505,0.970941817426052,0.23931566428755804,177.0,182.0
Refrigerators,2019,11,13,23,1334.777391304348,0.970941817426052,0.23931566428755804,22.0,21.666666666666668
Smartwatches,2019,11,13,82,149.99753086419753,0.970941817426052,0.23931566428755804,59.0,69.0
Washing machines,2019,11,13,52,370.1853846153846,0.970941817426052,0.23931566428755804,48.0,51.333333333333336
Air conditioners,2019,11,14,37,654.0540540540541,0.970941817426052,0.23931566428755804,28.0,33.0
Bluetooth Headphones,2019,11,14,54,102.21222222222222,0.970941817426052,0.23931566428755804,49.0,46.333333333333336
Phone accessories,2019,11,14,137,3.4410204081632654,0.970941817426052,0.23931566428755804,144.0,156.0
Phone cables,2019,11,14,171,13.06925,0.970941817426052,0.23931566428755804,196.0,186.66666666666666
Refrigerators,2019,11,14,15,1373.3286666666668,0.970941817426052,0.23931566428755804,23.0,22.333333333333332
Smartwatches,2019,11,14,59,149.9972881355932,0.970941817426052,0.23931566428755804,82.0,71.33333333333333
Washing machines,2019,11,14,55,369.266,0.970941817426052,0.23931566428755804,52.0,53.666666666666664
Air conditioners,2019,11,15,34,664.7058823529412,0.970941817426052,0.23931566428755804,37.0,34.666666666666664
Bluetooth Headphones,2019,11,15,41,103.40463414634146,0.970941817426052,0.23931566428755804,54.0,48.666666666666664
Phone accessories,2019,11,15,166,3.439586776859504,0.970941817426052,0.23931566428755804,137.0,150.66666666666666
Phone cables,2019,11,15,179,12.895365853658538,0.970941817426052,0.23931566428755804,171.0,181.33333333333334
Refrigerators,2019,11,15,18,1505.552777777778,0.970941817426052,0.23931566428755804,15.0,20.0
Smartwatches,2019,11,15,59,149.99655172413793,0.970941817426052,0.23931566428755804,59.0,66.66666666666667
Washing machines,2019,11,15,52,363.64730769230766,0.970941817426052,0.23931566428755804,55.0,51.666666666666664
Air conditioners,2019,11,16,29,641.3793103448276,0.970941817426052,0.23931566428755804,34.0,33.0
Bluetooth Headphones,2019,11,16,47,101.90489361702127,0.970941817426052,0.23931566428755804,41.0,48.0
Phone accessories,2019,11,16,160,3.4033027522935777,0.970941817426052,0.23931566428755804,166.0,149.0
Phone cables,2019,11,16,178,12.981949685534591,0.970941817426052,0.23931566428755804,179.0,182.0
Refrigerators,2019,11,16,20,1314.9945,0.970941817426052,0.23931566428755804,18.0,18.666666666666668
Smartwatches,2019,11,16,62,149.99725806451613,0.970941817426052,0.23931566428755804,59.0,66.66666666666667
Washing machines,2019,11,16,53,364.8025,0.970941817426052,0.23931566428755804,52.0,53.0
Air conditioners,2019,11,17,34,652.9411764705883,0.970941817426052,0.23931566428755804,29.0,33.333333333333336
Bluetooth Headphones,2019,11,17,49,101.24,0.970941817426052,0.23931566428755804,47.0,47.333333333333336
Phone accessories,2019,11,17,146,3.3434653465346535,0.970941817426052,0.23931566428755804,160.0,154.33333333333334
Phone cables,2019,11,17,173,12.976265060240964,0.970941817426052,0.23931566428755804,178.0,176.0
Refrigerators,2019,11,17,19,1294.731052631579,0.970941817426052,0.23931566428755804,20.0,17.666666666666668
Smartwatches,2019,11,17,64,149.9975,0.970941817426052,0.23931566428755804,62.0,60.0
Washing machines,2019,11,17,46,375.8621739130435,0.970941817426052,0.23931566428755804,53.0,53.333333333333336
Air conditioners,2019,12,18,33,642.4242424242424,0.992708874098054,0.120536680255323,34.0,32.333333333333336
Bluetooth Headphones,2019,12,18,47,102.11765957446808,0.992708874098054,0.120536680255323,49.0,45.666666666666664
Phone accessories,2019,12,18,125,3.4469892473118278,0.992708874098054,0.120536680255323,146.0,157.33333333333334
Phone cables,2019,12,18,182,12.91906976744186,0.992708874098054,0.120536680255323,173.0,176.66666666666666
Refrigerators,2019,12,18,32,1415.6209375,0.992708874098054,0.120536680255323,19.0,19.0
Smartwatches,2019,12,18,53,149.9975,0.992708874098054,0.120536680255323,64.0,61.666666666666664
Washing machines,2019,12,18,52,365.67960784313726,0.992708874098054,0.120536680255323,46.0,50.333333333333336
Air conditioners,2019,12,19,36,650.0,0.992708874098054,0.120536680255323,33.0,32.0
Bluetooth Headphones,2019,12,19,55,102.35363636363635,0.992708874098054,0.120536680255323,47.0,47.666666666666664
Phone accessories,2019,12,19,167,3.4186324786324787,0.992708874098054,0.120536680255323,125.0,143.66666666666666
Phone cables,2019,12,19,169,13.06875,0.992708874098054,0.120536680255323,182.0,177.66666666666666
Refrigerators,2019,12,19,20,1279.9940000000001,0.992708874098054,0.120536680255323,32.0,23.666666666666668
Smartwatches,2019,12,19,53,149.9967924528302,0.992708874098054,0.120536680255323,53.0,59.666666666666664
Washing machines,2019,12,19,54,365.9194444444445,0.992708874098054,0.120536680255323,52.0,50.333333333333336
Air conditioners,2019,12,20,28,660.7142857142857,0.992708874098054,0.120536680255323,36.0,34.333333333333336
Bluetooth Headphones,2019,12,20,49,102.28166666666665,0.992708874098054,0.120536680255323,55.0,50.333333333333336
Phone accessories,2019,12,20,162,3.400087719298246,0.992708874098054,0.120536680255323,167.0,146.0
Phone cables,2019,12,20,160,13.022266666666667,0.992708874098054,0.120536680255323,169.0,174.66666666666666
Refrigerators,2019,12,20,23,1334.777391304348,0.992708874098054,0.120536680255323,20.0,23.666666666666668
Smartwatches,2019,12,20,64,149.99666666666667,0.992708874098054,0.120536680255323,53.0,56.666666666666664
Washing machines,2019,12,20,55,365.9930909090909,0.992708874098054,0.120536680255323,54.0,50.666666666666664
Air conditioners,2019,12,21,34,632.3529411764706,0.992708874098054,0.120536680255323,28.0,32.333333333333336
Bluetooth Headphones,2019,12,21,50,101.82673469387754,0.992708874098054,0.120536680255323,49.0,50.333333333333336
Phone accessories,2019,12,21,154,3.4310377358490567,0.992708874098054,0.120536680255323,162.0,151.33333333333334
Phone cables,2019,12,21,181,13.029509202453987,0.992708874098054,0.120536680255323,160.0,170.33333333333334
Refrigerators,2019,12,21,24,1320.8279166666666,0.992708874098054,0.120536680255323,23.0,25.0
Smartwatches,2019,12,21,51,149.9964,0.992708874098054,0.120536680255323,64.0,56.666666666666664
Washing machines,2019,12,21,45,368.43755555555555,0.992708874098054,0.120536680255323,55.0,53.666666666666664
Air conditioners,2019,12,22,39,646.1538461538462,0.992708874098054,0.120536680255323,34.0,32.666666666666664
Bluetooth Headphones,2019,12,22,53,101.72076923076922,0.992708874098054,0.120536680255323,50.0,51.333333333333336
Phone accessories,2019,12,22,153,3.383518518518519,0.992708874098054,0.120536680255323,154.0,161.0
Phone cables,2019,12,22,176,13.096415094339623,0.992708874098054,0.120536680255323,181.0,170.0
Refrigerators,2019,12,22,29,1434.4789655172412,0.992708874098054,0.120536680255323,24.0,22.333333333333332
Smartwatches,2019,12,22,68,149.99691176470589,0.992708874098054,0.120536680255323,51.0,56.0
Washing machines,2019,12,22,49,362.85061224489795,0.992708874098054,0.120536680255323,45.0,51.333333333333336
Air conditioners,2019,12,23,41,643.9024390243902,0.992708874098054,0.120536680255323,39.0,33.666666666666664
Bluetooth Headphones,2019,12,23,61,102.82333333333332,0.992708874098054,0.120536680255323,53.0,50.666666666666664
Phone accessories,2019,12,23,192,3.5,0.992708874098054,0.120536680255323,153.0,156.33333333333334
Phone cables,2019,12,23,195,13.167653631284916,0.992708874098054,0.120536680255323,176.0,172.33333333333334
Refrigerators,2019,12,23,22,1318.1763636363637,0.992708874098054,0.120536680255323,29.0,25.333333333333332
Smartwatches,2019,12,23,63,149.9968253968254,0.992708874098054,0.120536680255323,68.0,61.0
Washing machines,2019,12,23,42,372.1359523809524,0.992708874098054,0.120536680255323,49.0,49.666666666666664
Air conditioners,2019,12,24,32,637.5,0.992708874098054,0.120536680255323,41.0,38.0
Bluetooth Headphones,2019,12,24,46,102.38130434782609,0.992708874098054,0.120536680255323,61.0,54.666666666666664
Phone accessories,2019,12,24,152,3.4310377358490567,0.992708874098054,0.120536680255323,192.0,166.33333333333334
Phone cables,2019,12,24,162,13.113708609271523,0.992708874098054,0.120536680255323,195.0,184.0
Refrigerators,2019,12,24,14,1499.9971428571428,0.992708874098054,0.120536680255323,22.0,25.0
Smartwatches,2019,12,24,64,149.99828125,0.992708874098054,0.120536680255323,63.0,60.666666666666664
Washing machines,2019,12,24,56,364.17509090909095,0.992708874098054,0.120536680255323,42.0,45.333333333333336
Air conditioners,2019,13,25,39,656.4102564102565,1.0,-1.6081226496766364e-16,32.0,37.333333333333336
Bluetooth Headphones,2019,13,25,37,102.96297297297296,1.0,-1.6081226496766364e-16,46.0,53.333333333333336
Phone accessories,2019,13,25,176,3.3840909090909093,1.0,-1.6081226496766364e-16,152.0,165.66666666666666
Phone cables,2019,13,25,173,12.993566878980891,1.0,-1.6081226496766364e-16,162.0,177.66666666666666
Refrigerators,2019,13,25,33,1360.601212121212,1.0,-1.6081226496766364e-16,14.0,21.666666666666668
Smartwatches,2019,13,25,51,149.997,1.0,-1.6081226496766364e-16,64.0,65.0
Washing machines,2019,13,25,47,359.1434042553192,1.0,-1.6081226496766364e-16,56.0,49.0
Air conditioners,2019,13,26,47,651.063829787234,1.0,-1.6081226496766364e-16,39.0,37.333333333333336
Bluetooth Headphones,2019,13,26,37,103.32333333333332,1.0,-1.6081226496766364e-16,37.0,48.0
Phone accessories,2019,13,26,139,3.367777777777778,1.0,-1.6081226496766364e-16,176.0,173.33333333333334
Phone cables,2019,13,26,151,12.924598540145984,1.0,-1.6081226496766364e-16,173.0,176.66666666666666
Refrigerators,2019,13,26,22,1509.088181818182,1.0,-1.6081226496766364e-16,33.0,23.0
Smartwatches,2019,13,26,67,149.9979104477612,1.0,-1.6081226496766364e-16,51.0,59.333333333333336
Washing machines,2019,13,26,51,369.4045098039216,1.0,-1.6081226496766364e-16,47.0,48.333333333333336
Air conditioners,2019,13,27,40,667.5,1.0,-1.6081226496766364e-16,47.0,39.333333333333336
Bluetooth Headphones,2019,13,27,54,101.2862962962963,1.0,-1.6081226496766364e-16,37.0,40.0
Phone accessories,2019,13,27,161,3.3886725663716817,1.0,-1.6081226496766364e-16,139.0,155.66666666666666
Phone cables,2019,13,27,164,12.905555555555555,1.0,-1.6081226496766364e-16,151.0,162.0
Refrigerators,2019,13,27,19,1442.1015789473684,1.0,-1.6081226496766364e-16,22.0,23.0
Smartwatches,2019,13,27,61,149.99622950819673,1.0,-1.6081226496766364e-16,67.0,60.666666666666664
Washing machines,2019,13,27,65,366.6089230769231,1.0,-1.6081226496766364e-16,51.0,51.333333333333336
Air conditioners,2019,13,28,29,655.1724137931035,1.0,-1.6081226496766364e-16,40.0,42.0
Bluetooth Headphones,2019,13,28,52,101.95078431372549,1.0,-1.6081226496766364e-16,54.0,42.666666666666664
Phone accessories,2019,13,28,146,3.394761904761905,1.0,-1.6081226496766364e-16,161.0,158.66666666666666
Phone cables,2019,13,28,173,13.134102564102564,1.0,-1.6081226496766364e-16,164.0,162.66666666666666
Refrigerators,2019,13,28,24,1408.3291666666667,1.0,-1.6081226496766364e-16,19.0,24.666666666666668
Smartwatches,2019,13,28,67,149.99746268656716,1.0,-1.6081226496766364e-16,61.0,59.666666666666664
Washing machines,2019,13,28,57,372.79964912280707,1.0,-1.6081226496766364e-16,65.0,54.333333333333336
Air conditioners,2019,13,29,42,640.4761904761905,1.0,-1.6081226496766364e-16,29.0,38.666666666666664
Bluetooth Headphones,2019,13,29,62,101.4416129032258,1.0,-1.6081226496766364e-16,52.0,47.666666666666664
Phone accessories,2019,13,29,141,3.4543518518518517,1.0,-1.6081226496766364e-16,146.0,148.66666666666666
Phone cables,2019,13,29,172,12.995194805194805,1.0,-1.6081226496766364e-16,173.0,162.66666666666666
Refrigerators,2019,13,29,25,1475.9968,1.0,-1.6081226496766364e-16,24.0,21.666666666666668
Smartwatches,2019,13,29,59,149.9956896551724,1.0,-1.6081226496766364e-16,67.0,65.0
Washing machines,2019,13,29,43,358.13302325581395,1.0,-1.6081226496766364e-16,57.0,57.666666666666664
Air conditioners,2019,13,30,41,637.5,1.0,-1.6081226496766364e-16,42.0,37.0
Bluetooth Headphones,2019,13,30,49,101.29434782608696,1.0,-1.6081226496766364e-16,62.0,56.0
Phone accessories,2019,13,30,144,3.4192929292929293,1.0,-1.6081226496766364e-16,141.0,149.33333333333334
Phone cables,2019,13,30,184,12.903493975903615,1.0,-1.6081226496766364e-16,172.0,169.66666666666666
Refrigerators,2019,13,30,29,1265.5110344827585,1.0,-1.6081226496766364e-16,25.0,22.666666666666668
Smartwatches,2019,13,30,60,149.99666666666664,1.0,-1.6081226496766364e-16,59.0,62.333333333333336
Washing machines,2019,13,30,43,368.8309302325581,1.0,-1.6081226496766364e-16,43.0,55.0
Air conditioners,2019,13,31,38,647.3684210526316,1.0,-1.6081226496766364e-16,41.0,37.333333333333336
Bluetooth Headphones,2019,13,31,37,102.96297297297296,1.0,-1.6081226496766364e-16,49.0,54.333333333333336
Phone accessories,2019,13,31,154,3.4448245614035087,1.0,-1.6081226496766364e-16,144.0,143.66666666666666
Phone cables,2019,13,31,169,13.226103896103895,1.0,-1.6081226496766364e-16,184.0,176.33333333333334
Refrigerators,2019,13,31,24,1408.3291666666667,1.0,-1.6081226496766364e-16,29.0,26.0
Smartwatches,2019,13,31,50,149.9976,1.0,-1.6081226496766364e-16,60.0,62.0
Washing machines,2019,13,31,50,368.1932,1.0,-1.6081226496766364e-16,43.0,47.666666666666664
Air conditioners,2019,14,1,50,646.0,0.992708874098054,-0.12053668025532288,38.0,40.333333333333336
Bluetooth Headphones,2019,14,1,60,102.19338983050847,0.992708874098054,-0.12053668025532288,37.0,49.333333333333336
Phone accessories,2019,14,1,205,3.4581159420289858,0.992708874098054,-0.12053668025532288,154.0,146.33333333333334
Phone cables,2019,14,1,224,12.896213592233009,0.992708874098054,-0.12053668025532288,169.0,175.0
Refrigerators,2019,14,1,26,1430.7653846153846,0.992708874098054,-0.12053668025532288,24.0,26.0
Smartwatches,2019,14,1,60,149.9971186440678,0.992708874098054,-0.12053668025532288,50.0,56.333333333333336
Washing machines,2019,14,1,67,365.5165671641791,0.992708874098054,-0.12053668025532288,50.0,45.333333333333336
Air conditioners,2019,14,2,47,651.063829787234,0.992708874098054,-0.12053668025532288,50.0,43.0
Bluetooth Headphones,2019,14,2,57,102.6215789473684,0.992708874098054,-0.12053668025532288,60.0,48.666666666666664
Phone accessories,2019,14,2,168,3.376991869918699,0.992708874098054,-0.12053668025532288,205.0,167.66666666666666
Phone cables,2019,14,2,242,12.895352112676056,0.992708874098054,-0.12053668025532288,224.0,192.33333333333334
Refrigerators,2019,14,2,24,1349.9950000000001,0.992708874098054,-0.12053668025532288,26.0,26.333333333333332
Smartwatches,2019,14,2,64,149.9978125,0.992708874098054,-0.12053668025532288,60.0,56.666666666666664
Washing machines,2019,14,2,61,366.15999999999997,0.992708874098054,-0.12053668025532288,67.0,53.333333333333336
Air conditioners,2019,14,3,41,648.780487804878,0.992708874098054,-0.12053668025532288,47.0,45.0
Bluetooth Headphones,2019,14,3,48,102.28166666666665,0.992708874098054,-0.12053668025532288,57.0,51.333333333333336
Phone accessories,2019,14,3,183,3.439586776859504,0.992708874098054,-0.12053668025532288,168.0,175.66666666666666
Phone cables,2019,14,3,234,13.059671361502348,0.992708874098054,-0.12053668025532288,242.0,211.66666666666666
Refrigerators,2019,14,3,30,1373.3286666666668,0.992708874098054,-0.12053668025532288,24.0,24.666666666666668
Smartwatches,2019,14,3,82,149.99650000000003,0.992708874098054,-0.12053668025532288,64.0,58.0
Washing machines,2019,14,3,67,371.8112121212121,0.992708874098054,-0.12053668025532288,61.0,59.333333333333336
Air conditioners,2019,14,4,52,651.9230769230769,0.992708874098054,-0.12053668025532288,41.0,46.0
Bluetooth Headphones,2019,14,4,59,103.26586206896552,0.992708874098054,-0.12053668025532288,48.0,55.0
Phone accessories,2019,14,4,214,3.4389436619718308,0.992708874098054,-0.12053668025532288,183.0,185.33333333333334
Phone cables,2019,14,4,195,13.082324324324324,0.992708874098054,-0.12053668025532288,234.0,233.33333333333334
Refrigerators,2019,14,4,25,1363.9951999999998,0.992708874098054,-0.12053668025532288,30.0,26.666666666666668
Smartwatches,2019,14,4,101,149.99732673267326,0.992708874098054,-0.12053668025532288,82.0,68.66666666666667
Washing machines,2019,14,4,64,370.149375,0.992708874098054,-0.12053668025532288,67.0,65.0
Air conditioners,2019,14,5,50,644.0,0.992708874098054,-0.12053668025532288,52.0,46.666666666666664
Bluetooth Headphones,2019,14,5,63,101.7641935483871,0.992708874098054,-0.12053668025532288,59.0,54.666666666666664
Phone accessories,2019,14,5,181,3.427686567164179,0.992708874098054,-0.12053668025532288,214.0,188.33333333333334
Phone cables,2019,14,5,216,13.0868,0.992708874098054,-0.12053668025532288,195.0,223.66666666666666
Refrigerators,2019,14,5,26,1457.6888461538463,0.992708874098054,-0.12053668025532288,25.0,26.333333333333332
Smartwatches,2019,14,5,78,149.99641025641026,0.992708874098054,-0.12053668025532288,101.0,82.33333333333333
Washing machines,2019,14,5,61,366.5508196721311,0.992708874098054,-0.12053668025532288,64.0,64.0
Air conditioners,2019,14,6,48,657.4468085106383,0.992708874098054,-0.12053668025532288,50.0,47.666666666666664
Bluetooth Headphones,2019,14,6,51,102.53901960784313,0.992708874098054,-0.12053668025532288,63.0,56.666666666666664
Phone accessories,2019,14,6,191,3.4673076923076924,0.992708874098054,-0.12053668025532288,181.0,192.66666666666666
Phone cables,2019,14,6,235,12.934814814814816,0.992708874098054,-0.12053668025532288,216.0,215.0
Refrigerators,2019,14,6,26,1296.1480769230768,0.992708874098054,-0.12053668025532288,26.0,27.0
Smartwatches,2019,14,6,80,149.99620253164557,0.992708874098054,-0.12053668025532288,78.0,87.0
Washing machines,2019,14,6,64,370.30609375,0.992708874098054,-0.12053668025532288,61.0,64.0
Air conditioners,2019,14,7,39,653.8461538461538,0.992708874098054,-0.12053668025532288,48.0,50.0
Bluetooth Headphones,2019,14,7,59,102.27070175438595,0.992708874098054,-0.12053668025532288,51.0,57.666666666666664
Phone accessories,2019,14,7,175,3.432276422764228,0.992708874098054,-0.12053668025532288,191.0,195.33333333333334
Phone cables,2019,14,7,217,13.076336633663367,0.992708874098054,-0.12053668025532288,235.0,215.33333333333334
Refrigerators,2019,14,7,30,1326.6613333333332,0.992708874098054,-0.12053668025532288,26.0,25.666666666666668
Smartwatches,2019,14,7,69,149.99724637681157,0.992708874098054,-0.12053668025532288,80.0,86.33333333333333
Washing machines,2019,14,7,52,361.9178846153846,0.992708874098054,-0.12053668025532288,64.0,63.0
Air conditioners,2019,15,8,37,662.1621621621622,0.9709418174260521,-0.2393156642875575,39.0,45.666666666666664
Bluetooth Headphones,2019,15,8,65,101.83615384615383,0.9709418174260521,-0.2393156642875575,59.0,57.666666666666664
Phone accessories,2019,15,8,184,3.39036231884058,0.9709418174260521,-0.2393156642875575,175.0,182.33333333333334
Phone cables,2019,15,8,240,12.97421524663677,0.9709418174260521,-0.2393156642875575,217.0,222.66666666666666
Refrigerators,2019,15,8,23,1304.3421739130433,0.9709418174260521,-0.2393156642875575,30.0,27.333333333333332
Smartwatches,2019,15,8,72,149.99708333333334,0.9709418174260521,-0.2393156642875575,69.0,75.66666666666667
Washing machines,2019,15,8,53,364.225,0.9709418174260521,-0.2393156642875575,52.0,59.0
Air conditioners,2019,15,9,49,648.9795918367347,0.9709418174260521,-0.2393156642875575,37.0,41.333333333333336
Bluetooth Headphones,2019,15,9,57,101.74438596491227,0.9709418174260521,-0.2393156642875575,65.0,58.333333333333336
Phone accessories,2019,15,9,156,3.3877064220183484,0.9709418174260521,-0.2393156642875575,184.0,183.33333333333334
Phone cables,2019,15,9,251,13.005506607929515,0.9709418174260521,-0.2393156642875575,240.0,230.66666666666666
Refrigerators,2019,15,9,25,1335.9948000000002,0.9709418174260521,-0.2393156642875575,23.0,26.333333333333332
Smartwatches,2019,15,9,80,149.99650000000003,0.9709418174260521,-0.2393156642875575,72.0,73.66666666666667
Washing machines,2019,15,9,71,359.1490140845071,0.9709418174260521,-0.2393156642875575,53.0,56.333333333333336
Air conditioners,2019,15,10,52,638.4615384615385,0.9709418174260521,-0.2393156642875575,49.0,41.666666666666664
Bluetooth Headphones,2019,15,10,56,102.31142857142856,0.9709418174260521,-0.2393156642875575,57.0,60.333333333333336
Phone accessories,2019,15,10,178,3.438062015503876,0.9709418174260521,-0.2393156642875575,156.0,171.66666666666666
Phone cables,2019,15,10,229,13.032476190476189,0.9709418174260521,-0.2393156642875575,251.0,236.0
Refrigerators,2019,15,10,27,1440.737037037037,0.9709418174260521,-0.2393156642875575,25.0,26.0
Smartwatches,2019,15,10,87,149.9964367816092,0.9709418174260521,-0.2393156642875575,80.0,73.66666666666667
Washing machines,2019,15,10,70,370.13628571428575,0.9709418174260521,-0.2393156642875575,71.0,58.666666666666664
Air conditioners,2019,15,11,51,654.9019607843137,0.9709418174260521,-0.2393156642875575,52.0,46.0
Bluetooth Headphones,2019,15,11,54,102.63150943396225,0.9709418174260521,-0.2393156642875575,56.0,59.333333333333336
Phone accessories,2019,15,11,187,3.437037037037037,0.9709418174260521,-0.2393156642875575,178.0,172.66666666666666
Phone cables,2019,15,11,256,12.872222222222222,0.9709418174260521,-0.2393156642875575,229.0,240.0
Refrigerators,2019,15,11,30,1326.6613333333332,0.9709418174260521,-0.2393156642875575,27.0,25.0
Smartwatches,2019,15,11,69,149.9963768115942,0.9709418174260521,-0.2393156642875575,87.0,79.66666666666667
Washing machines,2019,15,11,55,363.99327272727277,0.9709418174260521,-0.2393156642875575,70.0,64.66666666666667
Air conditioners,2019,15,12,49,638.7755102040817,0.9709418174260521,-0.2393156642875575,51.0,50.666666666666664
Bluetooth Headphones,2019,15,12,54,101.84185185185186,0.9709418174260521,-0.2393156642875575,54.0,55.666666666666664
Phone accessories,2019,15,12,217,3.4501910828025473,0.9709418174260521,-0.2393156642875575,187.0,173.66666666666666
Phone cables,2019,15,12,214,13.111592039800994,0.9709418174260521,-0.2393156642875575,256.0,245.33333333333334
Refrigerators,2019,15,12,24,1379.1620833333334,0.9709418174260521,-0.2393156642875575,30.0,27.333333333333332
Smartwatches,2019,15,12,67,149.9958208955224,0.9709418174260521,-0.2393156642875575,69.0,78.66666666666667
Washing machines,2019,15,12,71,362.95112676056334,0.9709418174260521,-0.2393156642875575,55.0,65.33333333333333
Air conditioners,2019,15,13,52,644.2307692307693,0.9709418174260521,-0.2393156642875575,49.0,50.666666666666664
Bluetooth Headphones,2019,15,13,72,102.49,0.9709418174260521,-0.2393156642875575,54.0,54.666666666666664
Phone accessories,2019,15,13,230,3.433949044585987,0.9709418174260521,-0.2393156642875575,217.0,194.0
Phone cables,2019,15,13,215,13.05762886597938,0.9709418174260521,-0.2393156642875575,214.0,233.0
Refrigerators,2019,15,13,21,1233.3266666666666,0.9709418174260521,-0.2393156642875575,24.0,27.0
Smartwatches,2019,15,13,73,149.99698630136987,0.9709418174260521,-0.2393156642875575,67.0,74.33333333333333
Washing machines,2019,15,13,66,375.14363636363635,0.9709418174260521,-0.2393156642875575,71.0,65.33333333333333
Air conditioners,2019,15,14,51,650.9803921568628,0.9709418174260521,-0.2393156642875575,52.0,50.666666666666664
Bluetooth Headphones,2019,15,14,53,101.52846153846153,0.9709418174260521,-0.2393156642875575,72.0,60.0
Phone accessories,2019,15,14,209,3.487857142857143,0.9709418174260521,-0.2393156642875575,230.0,211.33333333333334
Phone cables,2019,15,14,246,12.850269058295964,0.9709418174260521,-0.2393156642875575,215.0,228.33333333333334
Refrigerators,2019,15,14,23,1426.083043478261,0.9709418174260521,-0.2393156642875575,21.0,25.0
Smartwatches,2019,15,14,63,149.9968253968254,0.9709418174260521,-0.2393156642875575,73.0,69.66666666666667
Washing machines,2019,15,14,57,368.38625,0.9709418174260521,-0.2393156642875575,66.0,64.0
Air conditioners,2019,16,15,50,664.0,0.9350162426854148,-0.35460488704253545,51.0,50.666666666666664
Bluetooth Headphones,2019,16,15,53,103.19754716981132,0.9350162426854148,-0.35460488704253545,53.0,59.666666666666664
Phone accessories,2019,16,15,151,3.4113675213675214,0.9350162426854148,-0.35460488704253545,209.0,218.66666666666666
Phone cables,2019,16,15,230,13.041028037383176,0.9350162426854148,-0.35460488704253545,246.0,225.0
Refrigerators,2019,16,15,28,1399.9957142857143,0.9350162426854148,-0.35460488704253545,23.0,22.666666666666668
Smartwatches,2019,16,15,74,149.9966216216216,0.9350162426854148,-0.35460488704253545,63.0,67.66666666666667
Washing machines,2019,16,15,49,362.4430612244898,0.9350162426854148,-0.35460488704253545,57.0,64.66666666666667
Air conditioners,2019,16,16,51,662.7450980392157,0.9350162426854148,-0.35460488704253545,50.0,51.0
Bluetooth Headphones,2019,16,16,52,101.19,0.9350162426854148,-0.35460488704253545,53.0,59.333333333333336
Phone accessories,2019,16,16,193,3.481785714285714,0.9350162426854148,-0.35460488704253545,151.0,196.66666666666666
Phone cables,2019,16,16,224,13.062380952380952,0.9350162426854148,-0.35460488704253545,230.0,230.33333333333334
Refrigerators,2019,16,16,32,1393.745625,0.9350162426854148,-0.35460488704253545,28.0,24.0
Smartwatches,2019,16,16,63,149.99698412698413,0.9350162426854148,-0.35460488704253545,74.0,70.0
Washing machines,2019,16,16,66,365.7518181818182,0.9350162426854148,-0.35460488704253545,49.0,57.333333333333336
Air conditioners,2019,16,17,67,644.776119402985,0.9350162426854148,-0.35460488704253545,51.0,50.666666666666664
Bluetooth Headphones,2019,16,17,54,101.65666666666667,0.9350162426854148,-0.35460488704253545,52.0,52.666666666666664
Phone accessories,2019,16,17,200,3.418102189781022,0.9350162426854148,-0.35460488704253545,193.0,184.33333333333334
Phone cables,2019,16,17,246,12.918448275862069,0.9350162426854148,-0.35460488704253545,224.0,233.33333333333334
Refrigerators,2019,16,17,30,1326.6613333333332,0.9350162426854148,-0.35460488704253545,32.0,27.666666666666668
Smartwatches,2019,16,17,72,149.99633802816902,0.9350162426854148,-0.35460488704253545,63.0,66.66666666666667
Washing machines,2019,16,17,64,364.05625,0.9350162426854148,-0.35460488704253545,66.0,57.333333333333336
Air conditioners,2019,16,18,42,639.0243902439024,0.9350162426854148,-0.35460488704253545,67.0,56.0
Bluetooth Headphones,2019,16,18,59,102.3628813559322,0.9350162426854148,-0.35460488704253545,54.0,53.0
Phone accessories,2019,16,18,198,3.4001398601398605,0.9350162426854148,-0.35460488704253545,200.0,181.33333333333334
Phone cables,2019,16,18,252,13.104458874458874,0.9350162426854148,-0.35460488704253545,246.0,233.33333333333334
Refrigerators,2019,16,18,39,1394.867435897436,0.9350162426854148,-0.35460488704253545,30.0,30.0
Smartwatches,2019,16,18,72,149.99597222222224,0.9350162426854148,-0.35460488704253545,72.0,69.66666666666667
Washing machines,2019,16,18,75,365.46,0.9350162426854148,-0.35460488704253545,64.0,59.666666666666664
Air conditioners,2019,16,19,58,644.8275862068965,0.9350162426854148,-0.35460488704253545,42.0,53.333333333333336
Bluetooth Headphones,2019,16,19,48,102.96872340425531,0.9350162426854148,-0.35460488704253545,59.0,55.0
Phone accessories,2019,16,19,169,3.3801639344262293,0.9350162426854148,-0.35460488704253545,198.0,197.0
Phone cables,2019,16,19,210,13.159119170984455,0.9350162426854148,-0.35460488704253545,252.0,240.66666666666666
Refrigerators,2019,16,19,17,1370.5835294117646,0.9350162426854148,-0.35460488704253545,39.0,33.666666666666664
Smartwatches,2019,16,19,64,149.99640625,0.9350162426854148,-0.35460488704253545,72.0,69.0
Washing machines,2019,16,19,61,368.5175409836066,0.9350162426854148,-0.35460488704253545,75.0,68.33333333333333
Air conditioners,2019,16,20,36,655.5555555555555,0.9350162426854148,-0.35460488704253545,58.0,55.666666666666664
Bluetooth Headphones,2019,16,20,44,103.3990909090909,0.9350162426854148,-0.35460488704253545,48.0,53.666666666666664
Phone accessories,2019,16,20,217,3.447692307692308,0.9350162426854148,-0.35460488704253545,169.0,189.0
Phone cables,2019,16,20,207,12.993958333333333,0.9350162426854148,-0.35460488704253545,210.0,236.0
Refrigerators,2019,16,20,19,1515.7868421052633,0.9350162426854148,-0.35460488704253545,17.0,28.666666666666668
Smartwatches,2019,16,20,70,149.997,0.9350162426854148,-0.35460488704253545,64.0,69.33333333333333
Washing machines,2019,16,20,70,369.8505714285714,0.9350162426854148,-0.35460488704253545,61.0,66.66666666666667
Air conditioners,2019,16,21,50,644.0,0.9350162426854148,-0.35460488704253545,36.0,45.333333333333336
Bluetooth Headphones,2019,16,21,67,102.07955223880597,0.9350162426854148,-0.35460488704253545,44.0,50.333333333333336
Phone accessories,2019,16,21,198,3.3718840579710143,0.9350162426854148,-0.35460488704253545,217.0,194.66666666666666
Phone cables,2019,16,21,269,13.177768595041321,0.9350162426854148,-0.35460488704253545,207.0,223.0
Refrigerators,2019,16,21,28,1449.9964285714286,0.9350162426854148,-0.35460488704253545,19.0,25.0
Smartwatches,2019,16,21,82,149.99625,0.9350162426854148,-0.35460488704253545,70.0,68.66666666666667
Washing machines,2019,16,21,67,366.11298507462686,0.9350162426854148,-0.35460488704253545,70.0,68.66666666666667
Air conditioners,2019,17,22,38,655.2631578947369,0.8854560256532099,-0.4647231720437685,50.0,48.0
Bluetooth Headphones,2019,17,22,50,102.23489795918366,0.8854560256532099,-0.4647231720437685,67.0,53.0
Phone accessories,2019,17,22,222,3.415,0.8854560256532099,-0.4647231720437685,198.0,194.66666666666666
Phone cables,2019,17,22,171,13.241719745222928,0.8854560256532099,-0.4647231720437685,269.0,228.66666666666666
Refrigerators,2019,17,22,18,1411.760588235294,0.8854560256532099,-0.4647231720437685,28.0,21.333333333333332
Smartwatches,2019,17,22,90,149.99696629213483,0.8854560256532099,-0.4647231720437685,82.0,72.0
Washing machines,2019,17,22,52,364.22442307692313,0.8854560256532099,-0.4647231720437685,67.0,66.0
Air conditioners,2019,17,23,46,647.8260869565217,0.8854560256532099,-0.4647231720437685,38.0,41.333333333333336
Bluetooth Headphones,2019,17,23,62,102.89322580645161,0.8854560256532099,-0.4647231720437685,50.0,53.666666666666664
Phone accessories,2019,17,23,190,3.4506870229007633,0.8854560256532099,-0.4647231720437685,222.0,212.33333333333334
Phone cables,2019,17,23,214,13.163958333333333,0.8854560256532099,-0.4647231720437685,171.0,215.66666666666666
Refrigerators,2019,17,23,32,1284.3690625,0.8854560256532099,-0.4647231720437685,18.0,21.666666666666668
Smartwatches,2019,17,23,69,149.99840579710144,0.8854560256532099,-0.4647231720437685,90.0,80.66666666666667
Washing machines,2019,17,23,57,363.1517543859649,0.8854560256532099,-0.4647231720437685,52.0,63.0
Air conditioners,2019,17,24,40,642.5,0.8854560256532099,-0.4647231720437685,46.0,44.666666666666664
Bluetooth Headphones,2019,17,24,58,102.23137931034483,0.8854560256532099,-0.4647231720437685,62.0,59.666666666666664
Phone accessories,2019,17,24,184,3.40171875,0.8854560256532099,-0.4647231720437685,190.0,203.33333333333334
Phone cables,2019,17,24,216,13.0864,0.8854560256532099,-0.4647231720437685,214.0,218.0
Refrigerators,2019,17,24,45,1326.6613333333335,0.8854560256532099,-0.4647231720437685,32.0,26.0
Smartwatches,2019,17,24,73,149.99698630136987,0.8854560256532099,-0.4647231720437685,69.0,80.33333333333333
Washing machines,2019,17,24,86,354.1804651162791,0.8854560256532099,-0.4647231720437685,57.0,58.666666666666664
Air conditioners,2019,17,25,43,651.1627906976744,0.8854560256532099,-0.4647231720437685,40.0,41.333333333333336
Bluetooth Headphones,2019,17,25,44,102.54813953488372,0.8854560256532099,-0.4647231720437685,58.0,56.666666666666664
Phone accessories,2019,17,25,177,3.411705426356589,0.8854560256532099,-0.4647231720437685,184.0,198.66666666666666
Phone cables,2019,17,25,196,13.06978260869565,0.8854560256532099,-0.4647231720437685,216.0,200.33333333333334
Refrigerators,2019,17,25,36,1408.3291666666667,0.8854560256532099,-0.4647231720437685,45.0,31.666666666666668
Smartwatches,2019,17,25,92,149.99744444444445,0.8854560256532099,-0.4647231720437685,73.0,77.33333333333333
Washing machines,2019,17,25,66,367.7206060606061,0.8854560256532099,-0.4647231720437685,86.0,65.0
Air conditioners,2019,17,26,41,648.780487804878,0.8854560256532099,-0.4647231720437685,43.0,43.0
Bluetooth Headphones,2019,17,26,65,102.91307692307691,0.8854560256532099,-0.4647231720437685,44.0,54.666666666666664
Phone accessories,2019,17,26,199,3.4373684210526316,0.8854560256532099,-0.4647231720437685,177.0,183.66666666666666
Phone cables,2019,17,26,195,13.138287292817678,0.8854560256532099,-0.4647231720437685,196.0,208.66666666666666
Refrigerators,2019,17,26,35,1359.9951428571428,0.8854560256532099,-0.4647231720437685,36.0,37.666666666666664
Smartwatches,2019,17,26,64,149.996875,0.8854560256532099,-0.4647231720437685,92.0,78.0
Washing machines,2019,17,26,60,360.6722033898305,0.8854560256532099,-0.4647231720437685,66.0,69.66666666666667
Air conditioners,2019,17,27,43,641.8604651162791,0.8854560256532099,-0.4647231720437685,41.0,41.333333333333336
Bluetooth Headphones,2019,17,27,60,101.65666666666667,0.8854560256532099,-0.4647231720437685,65.0,55.666666666666664
Phone accessories,2019,17,27,204,3.4036666666666666,0.8854560256532099,-0.4647231720437685,199.0,186.66666666666666
Phone cables,2019,17,27,210,13.099494949494948,0.8854560256532099,-0.4647231720437685,195.0,202.33333333333334
Refrigerators,2019,17,27,36,1419.996,0.8854560256532099,-0.4647231720437685,35.0,38.666666666666664
Smartwatches,2019,17,27,89,149.99662921348315,0.8854560256532099,-0.4647231720437685,64.0,76.33333333333333
Washing machines,2019,17,27,56,361.4223214285715,0.8854560256532099,-0.4647231720437685,60.0,70.66666666666667
Air conditioners,2019,17,28,41,639.0243902439024,0.8854560256532099,-0.4647231720437685,43.0,42.333333333333336
Bluetooth Headphones,2019,17,28,58,102.40379310344828,0.8854560256532099,-0.4647231720437685,60.0,56.333333333333336
Phone accessories,2019,17,28,194,3.418148148148148,0.8854560256532099,-0.4647231720437685,204.0,193.33333333333334
Phone cables,2019,17,28,215,13.001632653061224,0.8854560256532099,-0.4647231720437685,210.0,200.33333333333334
Refrigerators,2019,17,28,28,1424.9960714285714,0.8854560256532099,-0.4647231720437685,36.0,35.666666666666664
Smartwatches,2019,17,28,84,149.99679012345678,0.8854560256532099,-0.4647231720437685,89.0,81.66666666666667
Washing machines,2019,17,28,53,371.1247169811321,0.8854560256532099,-0.4647231720437685,56.0,60.666666666666664
Air conditioners,2019,18,1,37,654.0540540540541,0.8229838658936565,-0.5680647467311557,41.0,41.666666666666664
Bluetooth Headphones,2019,18,1,52,102.68230769230769,0.8229838658936565,-0.5680647467311557,58.0,61.0
Phone accessories,2019,18,1,156,3.441327433628319,0.8229838658936565,-0.5680647467311557,194.0,199.0
Phone cables,2019,18,1,169,12.873870967741937,0.8229838658936565,-0.5680647467311557,215.0,206.66666666666666
Refrigerators,2019,18,1,34,1308.8179411764704,0.8229838658936565,-0.5680647467311557,28.0,33.0
Smartwatches,2019,18,1,65,149.99723076923075,0.8229838658936565,-0.5680647467311557,84.0,79.0
Washing machines,2019,18,1,57,371.7473684210526,0.8229838658936565,-0.5680647467311557,53.0,56.333333333333336
Air conditioners,2019,18,2,40,635.0,0.8229838658936565,-0.5680647467311557,37.0,40.333333333333336
Bluetooth Headphones,2019,18,2,56,102.31142857142856,0.8229838658936565,-0.5680647467311557,52.0,56.666666666666664
Phone accessories,2019,18,2,141,3.4271428571428575,0.8229838658936565,-0.5680647467311557,156.0,184.66666666666666
Phone cables,2019,18,2,186,13.081073446327682,0.8229838658936565,-0.5680647467311557,169.0,198.0
Refrigerators,2019,18,2,23,1395.6478260869567,0.8229838658936565,-0.5680647467311557,34.0,32.666666666666664
Smartwatches,2019,18,2,79,149.9973417721519,0.8229838658936565,-0.5680647467311557,65.0,79.33333333333333
Washing machines,2019,18,2,53,364.8994339622642,0.8229838658936565,-0.5680647467311557,57.0,55.333333333333336
Air conditioners,2019,18,3,39,648.7179487179487,0.8229838658936565,-0.5680647467311557,40.0,39.333333333333336
Bluetooth Headphones,2019,18,3,51,103.32333333333332,0.8229838658936565,-0.5680647467311557,56.0,55.333333333333336
Phone accessories,2019,18,3,131,3.4063265306122448,0.8229838658936565,-0.5680647467311557,141.0,163.66666666666666
Phone cables,2019,18,3,184,12.899461077844311,0.8229838658936565,-0.5680647467311557,186.0,190.0
Refrigerators,2019,18,3,35,1319.9945714285714,0.8229838658936565,-0.5680647467311557,23.0,28.333333333333332
Smartwatches,2019,18,3,63,149.99714285714285,0.8229838658936565,-0.5680647467311557,79.0,76.0
Washing machines,2019,18,3,47,358.7178723404256,0.8229838658936565,-0.5680647467311557,53.0,54.333333333333336
Air conditioners,2019,18,4,36,627.7777777777778,0.8229838658936565,-0.5680647467311557,39.0,38.666666666666664
Bluetooth Headphones,2019,18,4,44,102.26272727272726,0.8229838658936565,-0.5680647467311557,51.0,53.0
Phone accessories,2019,18,4,144,3.435238095238095,0.8229838658936565,-0.5680647467311557,131.0,142.66666666666666
Phone cables,2019,18,4,220,12.929230769230768,0.8229838658936565,-0.5680647467311557,184.0,179.66666666666666
Refrigerators,2019,18,4,30,1513.3306666666665,0.8229838658936565,-0.5680647467311557,35.0,30.666666666666668
Smartwatches,2019,18,4,73,149.99657534246575,0.8229838658936565,-0.5680647467311557,63.0,69.0
Washing machines,2019,18,4,48,365.8264583333334,0.8229838658936565,-0.5680647467311557,47.0,52.333333333333336
Air conditioners,2019,18,5,45,653.3333333333334,0.8229838658936565,-0.5680647467311557,36.0,38.333333333333336
Bluetooth Headphones,2019,18,5,44,102.26272727272726,0.8229838658936565,-0.5680647467311557,44.0,50.333333333333336
Phone accessories,2019,18,5,187,3.3552892561983474,0.8229838658936565,-0.5680647467311557,144.0,138.66666666666666
Phone cables,2019,18,5,189,13.137954545454544,0.8229838658936565,-0.5680647467311557,220.0,196.66666666666666
Refrigerators,2019,18,5,33,1381.8136363636363,0.8229838658936565,-0.5680647467311557,30.0,29.333333333333332
Smartwatches,2019,18,5,57,149.99543859649123,0.8229838658936565,-0.5680647467311557,73.0,71.66666666666667
Washing machines,2019,18,5,52,361.14750000000004,0.8229838658936565,-0.5680647467311557,48.0,49.333333333333336
Air conditioners,2019,18,29,40,657.5,0.8229838658936565,-0.5680647467311557,45.0,40.0
Bluetooth Headphones,2019,18,29,44,103.17181818181817,0.8229838658936565,-0.5680647467311557,44.0,46.333333333333336
Phone accessories,2019,18,29,204,3.4119858156028373,0.8229838658936565,-0.5680647467311557,187.0,154.0
Phone cables,2019,18,29,200,12.928666666666667,0.8229838658936565,-0.5680647467311557,189.0,197.66666666666666
Refrigerators,2019,18,29,35,1399.9957142857143,0.8229838658936565,-0.5680647467311557,33.0,32.666666666666664
Smartwatches,2019,18,29,78,149.99602564102565,0.8229838658936565,-0.5680647467311557,57.0,64.33333333333333
Washing machines,2019,18,29,73,373.6043055555556,0.8229838658936565,-0.5680647467311557,52.0,49.0
Air conditioners,2019,18,30,58,646.551724137931,0.8229838658936565,-0.5680647467311557,40.0,40.333333333333336
Bluetooth Headphones,2019,18,30,54,101.68811320754716,0.8229838658936565,-0.5680647467311557,44.0,44.0
Phone accessories,2019,18,30,182,3.3234615384615385,0.8229838658936565,-0.5680647467311557,204.0,178.33333333333334
Phone cables,2019,18,30,238,12.995610859728506,0.8229838658936565,-0.5680647467311557,200.0,203.0
Refrigerators,2019,18,30,26,1376.9184615384615,0.8229838658936565,-0.5680647467311557,35.0,32.666666666666664
Smartwatches,2019,18,30,74,149.99567567567567,0.8229838658936565,-0.5680647467311557,78.0,69.33333333333333
Washing machines,2019,18,30,66,363.17560606060607,0.8229838658936565,-0.5680647467311557,73.0,57.666666666666664
Air conditioners,2019,19,6,34,650.0,0.7485107481711013,-0.663122658240795,58.0,47.666666666666664
Bluetooth Headphones,2019,19,6,42,103.7995238095238,0.7485107481711013,-0.663122658240795,54.0,47.333333333333336
Phone accessories,2019,19,6,175,3.398527131782946,0.7485107481711013,-0.663122658240795,182.0,191.0
Phone cables,2019,19,6,177,13.140184049079753,0.7485107481711013,-0.663122658240795,238.0,209.0
Refrigerators,2019,19,6,27,1466.6633333333334,0.7485107481711013,-0.663122658240795,26.0,31.333333333333332
Smartwatches,2019,19,6,63,149.99555555555557,0.7485107481711013,-0.663122658240795,74.0,69.66666666666667
Washing machines,2019,19,6,49,362.23775510204086,0.7485107481711013,-0.663122658240795,66.0,63.666666666666664
Air conditioners,2019,19,7,44,656.8181818181819,0.7485107481711013,-0.663122658240795,34.0,44.0
Bluetooth Headphones,2019,19,7,61,101.62934426229508,0.7485107481711013,-0.663122658240795,42.0,46.666666666666664
Phone accessories,2019,19,7,207,3.402313432835821,0.7485107481711013,-0.663122658240795,175.0,187.0
Phone cables,2019,19,7,192,13.20965317919075,0.7485107481711013,-0.663122658240795,177.0,205.0
Refrigerators,2019,19,7,23,1304.3421739130433,0.7485107481711013,-0.663122658240795,27.0,29.333333333333332
Smartwatches,2019,19,7,63,149.99650793650795,0.7485107481711013,-0.663122658240795,63.0,71.66666666666667
Washing machines,2019,19,7,46,373.4708695652174,0.7485107481711013,-0.663122658240795,49.0,62.666666666666664
Air conditioners,2019,19,8,44,645.4545454545455,0.7485107481711013,-0.663122658240795,44.0,45.333333333333336
Bluetooth Headphones,2019,19,8,56,101.9542857142857,0.7485107481711013,-0.663122658240795,61.0,52.333333333333336
Phone accessories,2019,19,8,170,3.39375,0.7485107481711013,-0.663122658240795,207.0,188.0
Phone cables,2019,19,8,185,13.035909090909088,0.7485107481711013,-0.663122658240795,192.0,202.33333333333334
Refrigerators,2019,19,8,31,1293.5425806451613,0.7485107481711013,-0.663122658240795,23.0,25.333333333333332
Smartwatches,2019,19,8,60,149.9971186440678,0.7485107481711013,-0.663122658240795,63.0,66.66666666666667
Washing machines,2019,19,8,60,362.661,0.7485107481711013,-0.663122658240795,46.0,53.666666666666664
Air conditioners,2019,19,9,41,656.0975609756098,0.7485107481711013,-0.663122658240795,44.0,40.666666666666664
Bluetooth Headphones,2019,19,9,49,102.84714285714284,0.7485107481711013,-0.663122658240795,56.0,53.0
Phone accessories,2019,19,9,180,3.4185123966942146,0.7485107481711013,-0.663122658240795,170.0,184.0
Phone cables,2019,19,9,216,12.95990099009901,0.7485107481711013,-0.663122658240795,185.0,184.66666666666666
Refrigerators,2019,19,9,30,1443.3296666666668,0.7485107481711013,-0.663122658240795,31.0,27.0
Smartwatches,2019,19,9,69,149.99661764705883,0.7485107481711013,-0.663122658240795,60.0,62.0
Washing machines,2019,19,9,56,363.74357142857144,0.7485107481711013,-0.663122658240795,60.0,51.666666666666664
Air conditioners,2019,19,10,49,663.265306122449,0.7485107481711013,-0.663122658240795,41.0,43.0
Bluetooth Headphones,2019,19,10,50,102.59,0.7485107481711013,-0.663122658240795,49.0,55.333333333333336
Phone accessories,2019,19,10,161,3.367777777777778,0.7485107481711013,-0.663122658240795,180.0,185.66666666666666
Phone cables,2019,19,10,190,12.78486033519553,0.7485107481711013,-0.663122658240795,216.0,197.66666666666666
Refrigerators,2019,19,10,24,1379.1620833333334,0.7485107481711013,-0.663122658240795,30.0,28.0
Smartwatches,2019,19,10,65,149.99646153846155,0.7485107481711013,-0.663122658240795,69.0,64.0
Washing machines,2019,19,10,64,366.243125,0.7485107481711013,-0.663122658240795,56.0,54.0
Air conditioners,2019,19,11,45,651.1111111111111,0.7485107481711013,-0.663122658240795,49.0,44.666666666666664
Bluetooth Headphones,2019,19,11,49,102.23489795918366,0.7485107481711013,-0.663122658240795,50.0,51.666666666666664
Phone accessories,2019,19,11,162,3.428934426229508,0.7485107481711013,-0.663122658240795,161.0,170.33333333333334
Phone cables,2019,19,11,156,13.072797202797203,0.7485107481711013,-0.663122658240795,190.0,197.0
Refrigerators,2019,19,11,33,1360.601212121212,0.7485107481711013,-0.663122658240795,24.0,28.333333333333332
Smartwatches,2019,19,11,64,149.99650793650795,0.7485107481711013,-0.663122658240795,65.0,64.66666666666667
Washing machines,2019,19,11,49,359.38204081632654,0.7485107481711013,-0.663122658240795,64.0,60.0
Air conditioners,2019,19,12,40,652.5,0.7485107481711013,-0.663122658240795,45.0,45.0
Bluetooth Headphones,2019,19,12,63,102.32333333333332,0.7485107481711013,-0.663122658240795,49.0,49.333333333333336
Phone accessories,2019,19,12,190,3.4182945736434105,0.7485107481711013,-0.663122658240795,162.0,167.66666666666666
Phone cables,2019,19,12,208,12.988736842105263,0.7485107481711013,-0.663122658240795,156.0,187.33333333333334
Refrigerators,2019,19,12,30,1489.997,0.7485107481711013,-0.663122658240795,33.0,29.0
Smartwatches,2019,19,12,63,149.99571428571429,0.7485107481711013,-0.663122658240795,64.0,66.0
Washing machines,2019,19,12,40,376.49225,0.7485107481711013,-0.663122658240795,49.0,56.333333333333336
Air conditioners,2019,20,13,35,651.4285714285714,0.6631226582407952,-0.7485107481711012,40.0,44.666666666666664
Bluetooth Headphones,2019,20,13,48,102.5431914893617,0.6631226582407952,-0.7485107481711012,63.0,54.0
Phone accessories,2019,20,13,173,3.4048000000000003,0.6631226582407952,-0.7485107481711012,190.0,171.0
Phone cables,2019,20,13,212,12.826292682926828,0.6631226582407952,-0.7485107481711012,208.0,184.66666666666666
Refrigerators,2019,20,13,23,1349.995,0.6631226582407952,-0.7485107481711012,30.0,29.0
Smartwatches,2019,20,13,64,149.9971875,0.6631226582407952,-0.7485107481711012,63.0,64.0
Washing machines,2019,20,13,51,361.3660784313726,0.6631226582407952,-0.7485107481711012,40.0,51.0
Air conditioners,2019,20,14,40,645.0,0.6631226582407952,-0.7485107481711012,35.0,40.0
Bluetooth Headphones,2019,20,14,66,101.83615384615383,0.6631226582407952,-0.7485107481711012,48.0,53.333333333333336
Phone accessories,2019,20,14,209,3.415,0.6631226582407952,-0.7485107481711012,173.0,175.0
Phone cables,2019,20,14,188,12.933815028901732,0.6631226582407952,-0.7485107481711012,212.0,192.0
Refrigerators,2019,20,14,21,1466.6633333333334,0.6631226582407952,-0.7485107481711012,23.0,28.666666666666668
Smartwatches,2019,20,14,85,149.9964705882353,0.6631226582407952,-0.7485107481711012,64.0,63.666666666666664
Washing machines,2019,20,14,66,372.60907692307694,0.6631226582407952,-0.7485107481711012,51.0,46.666666666666664
Air conditioners,2019,20,15,31,648.3870967741935,0.6631226582407952,-0.7485107481711012,40.0,38.333333333333336
Bluetooth Headphones,2019,20,15,37,101.65666666666667,0.6631226582407952,-0.7485107481711012,66.0,59.0
Phone accessories,2019,20,15,171,3.4428688524590165,0.6631226582407952,-0.7485107481711012,209.0,190.66666666666666
Phone cables,2019,20,15,187,13.0924,0.6631226582407952,-0.7485107481711012,188.0,202.66666666666666
Refrigerators,2019,20,15,27,1337.0318518518518,0.6631226582407952,-0.7485107481711012,21.0,24.666666666666668
Smartwatches,2019,20,15,65,149.99640625,0.6631226582407952,-0.7485107481711012,85.0,70.66666666666667
Washing machines,2019,20,15,50,365.19340000000005,0.6631226582407952,-0.7485107481711012,66.0,52.333333333333336
Air conditioners,2019,20,16,44,650.0,0.6631226582407952,-0.7485107481711012,31.0,35.333333333333336
Bluetooth Headphones,2019,20,16,51,101.75470588235294,0.6631226582407952,-0.7485107481711012,37.0,50.333333333333336
Phone accessories,2019,20,16,168,3.381150442477876,0.6631226582407952,-0.7485107481711012,171.0,184.33333333333334
Phone cables,2019,20,16,199,13.06481081081081,0.6631226582407952,-0.7485107481711012,187.0,195.66666666666666
Refrigerators,2019,20,16,21,1433.3295238095238,0.6631226582407952,-0.7485107481711012,27.0,23.666666666666668
Smartwatches,2019,20,16,82,149.9969135802469,0.6631226582407952,-0.7485107481711012,65.0,71.33333333333333
Washing machines,2019,20,16,50,371.593,0.6631226582407952,-0.7485107481711012,50.0,55.666666666666664
Air conditioners,2019,20,17,54,657.4074074074074,0.6631226582407952,-0.7485107481711012,44.0,38.333333333333336
Bluetooth Headphones,2019,20,17,47,101.69212765957447,0.6631226582407952,-0.7485107481711012,51.0,51.333333333333336
Phone accessories,2019,20,17,193,3.4051162790697673,0.6631226582407952,-0.7485107481711012,168.0,182.66666666666666
Phone cables,2019,20,17,202,12.716844919786094,0.6631226582407952,-0.7485107481711012,199.0,191.33333333333334
Refrigerators,2019,20,17,22,1477.2695454545456,0.6631226582407952,-0.7485107481711012,21.0,23.0
Smartwatches,2019,20,17,62,149.9977049180328,0.6631226582407952,-0.7485107481711012,82.0,77.33333333333333
Washing machines,2019,20,17,55,365.0845454545455,0.6631226582407952,-0.7485107481711012,50.0,55.333333333333336
Air conditioners,2019,20,18,33,657.5757575757576,0.6631226582407952,-0.7485107481711012,54.0,43.0
Bluetooth Headphones,2019,20,18,47,101.90489361702127,0.6631226582407952,-0.7485107481711012,47.0,45.0
Phone accessories,2019,20,18,129,3.370729166666667,0.6631226582407952,-0.7485107481711012,193.0,177.33333333333334
Phone cables,2019,20,18,181,13.094651162790695,0.6631226582407952,-0.7485107481711012,202.0,196.0
Refrigerators,2019,20,18,30,1303.3276666666668,0.6631226582407952,-0.7485107481711012,22.0,23.333333333333332
Smartwatches,2019,20,18,64,149.9968253968254,0.6631226582407952,-0.7485107481711012,62.0,69.66666666666667
Washing machines,2019,20,18,58,361.7181034482759,0.6631226582407952,-0.7485107481711012,55.0,51.666666666666664
Air conditioners,2019,20,19,42,652.3809523809524,0.6631226582407952,-0.7485107481711012,33.0,43.666666666666664
Bluetooth Headphones,2019,20,19,41,101.74,0.6631226582407952,-0.7485107481711012,47.0,48.333333333333336
Phone accessories,2019,20,19,185,3.4180575539568347,0.6631226582407952,-0.7485107481711012,129.0,163.33333333333334
Phone cables,2019,20,19,198,12.883407821229051,0.6631226582407952,-0.7485107481711012,181.0,194.0
Refrigerators,2019,20,19,29,1386.2024137931035,0.6631226582407952,-0.7485107481711012,30.0,24.333333333333332
Smartwatches,2019,20,19,87,149.99674418604653,0.6631226582407952,-0.7485107481711012,64.0,69.33333333333333
Washing machines,2019,20,19,55,368.17509090909095,0.6631226582407952,-0.7485107481711012,58.0,54.333333333333336
Air conditioners,2019,21,20,43,655.8139534883721,0.5680647467311558,-0.8229838658936564,42.0,43.0
Bluetooth Headphones,2019,21,20,49,102.90666666666665,0.5680647467311558,-0.8229838658936564,41.0,45.0
Phone accessories,2019,21,20,185,3.3605128205128207,0.5680647467311558,-0.8229838658936564,185.0,169.0
Phone cables,2019,21,20,224,13.061287128712872,0.5680647467311558,-0.8229838658936564,198.0,193.66666666666666
Refrigerators,2019,21,20,23,1517.388695652174,0.5680647467311558,-0.8229838658936564,29.0,27.0
Smartwatches,2019,21,20,66,149.99646153846155,0.5680647467311558,-0.8229838658936564,87.0,71.0
Washing machines,2019,21,20,54,358.69814814814816,0.5680647467311558,-0.8229838658936564,55.0,56.0
Air conditioners,2019,21,21,32,646.875,0.5680647467311558,-0.8229838658936564,43.0,39.333333333333336
Bluetooth Headphones,2019,21,21,38,102.62157894736842,0.5680647467311558,-0.8229838658936564,49.0,45.666666666666664
Phone accessories,2019,21,21,187,3.448203125,0.5680647467311558,-0.8229838658936564,185.0,166.33333333333334
Phone cables,2019,21,21,176,12.982098765432099,0.5680647467311558,-0.8229838658936564,224.0,201.0
Refrigerators,2019,21,21,27,1466.6633333333334,0.5680647467311558,-0.8229838658936564,23.0,27.333333333333332
Smartwatches,2019,21,21,66,149.9980303030303,0.5680647467311558,-0.8229838658936564,66.0,72.33333333333333
Washing machines,2019,21,21,62,368.38048387096774,0.5680647467311558,-0.8229838658936564,54.0,55.666666666666664
Air conditioners,2019,21,22,48,645.8333333333334,0.5680647467311558,-0.8229838658936564,32.0,39.0
Bluetooth Headphones,2019,21,22,44,102.26272727272726,0.5680647467311558,-0.8229838658936564,38.0,42.666666666666664
Phone accessories,2019,21,22,187,3.3959701492537313,0.5680647467311558,-0.8229838658936564,187.0,185.66666666666666
Phone cables,2019,21,22,226,13.176666666666666,0.5680647467311558,-0.8229838658936564,176.0,199.33333333333334
Refrigerators,2019,21,22,33,1339.388787878788,0.5680647467311558,-0.8229838658936564,27.0,26.333333333333332
Smartwatches,2019,21,22,61,149.99573770491804,0.5680647467311558,-0.8229838658936564,66.0,73.0
Washing machines,2019,21,22,53,369.61528301886796,0.5680647467311558,-0.8229838658936564,62.0,57.0
Air conditioners,2019,21,23,43,641.8604651162791,0.5680647467311558,-0.8229838658936564,48.0,41.0
Bluetooth Headphones,2019,21,23,53,101.14384615384614,0.5680647467311558,-0.8229838658936564,44.0,43.666666666666664
Phone accessories,2019,21,23,155,3.4003448275862067,0.5680647467311558,-0.8229838658936564,187.0,186.33333333333334
Phone cables,2019,21,23,193,12.952594594594595,0.5680647467311558,-0.8229838658936564,226.0,208.66666666666666
Refrigerators,2019,21,23,21,1366.661904761905,0.5680647467311558,-0.8229838658936564,33.0,27.666666666666668
Smartwatches,2019,21,23,69,149.99632352941177,0.5680647467311558,-0.8229838658936564,61.0,64.33333333333333
Washing machines,2019,21,23,56,365.1717857142857,0.5680647467311558,-0.8229838658936564,53.0,56.333333333333336
Air conditioners,2019,21,24,41,643.9024390243902,0.5680647467311558,-0.8229838658936564,43.0,41.0
Bluetooth Headphones,2019,21,24,44,102.71727272727271,0.5680647467311558,-0.8229838658936564,53.0,45.0
Phone accessories,2019,21,24,153,3.4233333333333333,0.5680647467311558,-0.8229838658936564,155.0,176.33333333333334
Phone cables,2019,21,24,199,13.080114942528736,0.5680647467311558,-0.8229838658936564,193.0,198.33333333333334
Refrigerators,2019,21,24,25,1391.9956,0.5680647467311558,-0.8229838658936564,21.0,27.0
Smartwatches,2019,21,24,62,149.99709677419355,0.5680647467311558,-0.8229838658936564,69.0,65.33333333333333
Washing machines,2019,21,24,62,362.7359677419355,0.5680647467311558,-0.8229838658936564,56.0,57.0
Air conditioners,2019,21,25,39,646.1538461538462,0.5680647467311558,-0.8229838658936564,41.0,44.0
Bluetooth Headphones,2019,21,25,51,102.73509803921569,0.5680647467311558,-0.8229838658936564,44.0,47.0
Phone accessories,2019,21,25,173,3.439586776859504,0.5680647467311558,-0.8229838658936564,153.0,165.0
Phone cables,2019,21,25,211,13.149786096256683,0.5680647467311558,-0.8229838658936564,199.0,206.0
Refrigerators,2019,21,25,21,1266.6604761904762,0.5680647467311558,-0.8229838658936564,25.0,26.333333333333332
Smartwatches,2019,21,25,80,149.99575,0.5680647467311558,-0.8229838658936564,62.0,64.0
Washing machines,2019,21,25,45,369.7661363636364,0.5680647467311558,-0.8229838658936564,62.0,57.0
Air conditioners,2019,21,26,34,655.8823529411765,0.5680647467311558,-0.8229838658936564,39.0,41.0
Bluetooth Headphones,2019,21,26,34,101.50515151515151,0.5680647467311558,-0.8229838658936564,51.0,49.333333333333336
Phone accessories,2019,21,26,170,3.3971428571428572,0.5680647467311558,-0.8229838658936564,173.0,160.33333333333334
Phone cables,2019,21,26,179,13.14592356687898,0.5680647467311558,-0.8229838658936564,211.0,201.0
Refrigerators,2019,21,26,36,1427.773888888889,0.5680647467311558,-0.8229838658936564,21.0,22.333333333333332
Smartwatches,2019,21,26,69,149.9968115942029,0.5680647467311558,-0.8229838658936564,80.0,70.33333333333333
Washing machines,2019,21,26,63,366.0263492063492,0.5680647467311558,-0.8229838658936564,45.0,54.333333333333336
Air conditioners,2019,22,1,45,644.4444444444445,0.46472317204376906,-0.8854560256532096,34.0,38.0
Bluetooth Headphones,2019,22,1,43,103.01325581395348,0.46472317204376906,-0.8854560256532096,34.0,43.0
Phone accessories,2019,22,1,146,3.402857142857143,0.46472317204376906,-0.8854560256532096,170.0,165.33333333333334
Phone cables,2019,22,1,168,13.02731543624161,0.46472317204376906,-0.8854560256532096,179.0,196.33333333333334
Refrigerators,2019,22,1,21,1466.6633333333334,0.46472317204376906,-0.8854560256532096,36.0,27.333333333333332
Smartwatches,2019,22,1,54,149.99730769230771,0.46472317204376906,-0.8854560256532096,69.0,70.33333333333333
Washing machines,2019,22,1,42,369.755,0.46472317204376906,-0.8854560256532096,63.0,56.666666666666664
Air conditioners,2019,22,2,32,659.375,0.46472317204376906,-0.8854560256532096,45.0,39.333333333333336
Bluetooth Headphones,2019,22,2,52,101.75470588235294,0.46472317204376906,-0.8854560256532096,43.0,42.666666666666664
Phone accessories,2019,22,2,171,3.381150442477876,0.46472317204376906,-0.8854560256532096,146.0,163.0
Phone cables,2019,22,2,141,13.03854961832061,0.46472317204376906,-0.8854560256532096,168.0,186.0
Refrigerators,2019,22,2,22,1445.450909090909,0.46472317204376906,-0.8854560256532096,21.0,26.0
Smartwatches,2019,22,2,50,149.997,0.46472317204376906,-0.8854560256532096,54.0,67.66666666666667
Washing machines,2019,22,2,51,370.5805882352941,0.46472317204376906,-0.8854560256532096,42.0,50.0
Air conditioners,2019,22,27,44,662.7906976744187,0.46472317204376906,-0.8854560256532096,32.0,37.0
Bluetooth Headphones,2019,22,27,55,101.99,0.46472317204376906,-0.8854560256532096,52.0,43.0
Phone accessories,2019,22,27,157,3.3998214285714288,0.46472317204376906,-0.8854560256532096,171.0,162.33333333333334
Phone cables,2019,22,27,194,12.827514124293785,0.46472317204376906,-0.8854560256532096,141.0,162.66666666666666
Refrigerators,2019,22,27,24,1408.3291666666667,0.46472317204376906,-0.8854560256532096,22.0,26.333333333333332
Smartwatches,2019,22,27,49,149.99645833333332,0.46472317204376906,-0.8854560256532096,50.0,57.666666666666664
Washing machines,2019,22,27,46,364.5586956521739,0.46472317204376906,-0.8854560256532096,51.0,52.0
Air conditioners,2019,22,28,37,659.4594594594595,0.46472317204376906,-0.8854560256532096,44.0,40.333333333333336
Bluetooth Headphones,2019,22,28,48,102.49,0.46472317204376906,-0.8854560256532096,55.0,50.0
Phone accessories,2019,22,28,203,3.4343181818181816,0.46472317204376906,-0.8854560256532096,157.0,158.0
Phone cables,2019,22,28,199,13.023478260869563,0.46472317204376906,-0.8854560256532096,194.0,167.66666666666666
Refrigerators,2019,22,28,30,1419.9959999999999,0.46472317204376906,-0.8854560256532096,24.0,22.333333333333332
Smartwatches,2019,22,28,60,149.99633333333335,0.46472317204376906,-0.8854560256532096,49.0,51.0
Washing machines,2019,22,28,55,371.0850909090909,0.46472317204376906,-0.8854560256532096,46.0,46.333333333333336
Air conditioners,2019,22,29,54,650.0,0.46472317204376906,-0.8854560256532096,37.0,37.666666666666664
Bluetooth Headphones,2019,22,29,55,102.63150943396225,0.46472317204376906,-0.8854560256532096,48.0,51.666666666666664
Phone accessories,2019,22,29,163,3.3466964285714282,0.46472317204376906,-0.8854560256532096,203.0,177.0
Phone cables,2019,22,29,210,12.981958762886597,0.46472317204376906,-0.8854560256532096,199.0,178.0
Refrigerators,2019,22,29,23,1365.212608695652,0.46472317204376906,-0.8854560256532096,30.0,25.333333333333332
Smartwatches,2019,22,29,65,149.996,0.46472317204376906,-0.8854560256532096,60.0,53.0
Washing machines,2019,22,29,48,375.40916666666664,0.46472317204376906,-0.8854560256532096,55.0,50.666666666666664
Air conditioners,2019,22,30,41,643.9024390243902,0.46472317204376906,-0.8854560256532096,54.0,45.0
Bluetooth Headphones,2019,22,30,38,101.83210526315789,0.46472317204376906,-0.8854560256532096,55.0,52.666666666666664
Phone accessories,2019,22,30,190,3.415,0.46472317204376906,-0.8854560256532096,163.0,174.33333333333334
Phone cables,2019,22,30,191,13.121363636363638,0.46472317204376906,-0.8854560256532096,210.0,201.0
Refrigerators,2019,22,30,24,1349.9950000000001,0.46472317204376906,-0.8854560256532096,23.0,25.666666666666668
Smartwatches,2019,22,30,68,149.99701492537312,0.46472317204376906,-0.8854560256532096,65.0,58.0
Washing machines,2019,22,30,73,369.58178082191785,0.46472317204376906,-0.8854560256532096,48.0,49.666666666666664
Air conditioners,2019,22,31,31,664.516129032258,0.46472317204376906,-0.8854560256532096,41.0,44.0
Bluetooth Headphones,2019,22,31,54,101.2862962962963,0.46472317204376906,-0.8854560256532096,38.0,47.0
Phone accessories,2019,22,31,156,3.4111009174311926,0.46472317204376906,-0.8854560256532096,190.0,185.33333333333334
Phone cables,2019,22,31,178,13.055454545454547,0.46472317204376906,-0.8854560256532096,191.0,200.0
Refrigerators,2019,22,31,23,1365.212608695652,0.46472317204376906,-0.8854560256532096,24.0,25.666666666666668
Smartwatches,2019,22,31,46,149.99695652173915,0.46472317204376906,-0.8854560256532096,68.0,64.33333333333333
Washing machines,2019,22,31,47,363.39808510638295,0.46472317204376906,-0.8854560256532096,73.0,58.666666666666664
Air conditioners,2019,23,3,28,660.7142857142857,0.35460488704253584,-0.9350162426854147,31.0,42.0
Bluetooth Headphones,2019,23,3,41,103.32333333333332,0.35460488704253584,-0.9350162426854147,54.0,49.0
Phone accessories,2019,23,3,136,3.488275862068966,0.35460488704253584,-0.9350162426854147,156.0,169.66666666666666
Phone cables,2019,23,3,141,12.809236641221373,0.35460488704253584,-0.9350162426854147,178.0,193.0
Refrigerators,2019,23,3,23,1365.212608695652,0.35460488704253584,-0.9350162426854147,23.0,23.333333333333332
Smartwatches,2019,23,3,63,149.9966129032258,0.35460488704253584,-0.9350162426854147,46.0,59.666666666666664
Washing machines,2019,23,3,53,367.68557692307695,0.35460488704253584,-0.9350162426854147,47.0,56.0
Air conditioners,2019,23,4,35,642.8571428571429,0.35460488704253584,-0.9350162426854147,28.0,33.333333333333336
Bluetooth Headphones,2019,23,4,34,102.04882352941176,0.35460488704253584,-0.9350162426854147,41.0,44.333333333333336
Phone accessories,2019,23,4,155,3.3542857142857145,0.35460488704253584,-0.9350162426854147,136.0,160.66666666666666
Phone cables,2019,23,4,167,13.1112987012987,0.35460488704253584,-0.9350162426854147,141.0,170.0
Refrigerators,2019,23,4,23,1365.212608695652,0.35460488704253584,-0.9350162426854147,23.0,23.333333333333332
Smartwatches,2019,23,4,63,149.9963492063492,0.35460488704253584,-0.9350162426854147,63.0,59.0
Washing machines,2019,23,4,46,370.64586956521737,0.35460488704253584,-0.9350162426854147,53.0,57.666666666666664
Air conditioners,2019,23,5,38,642.1052631578947,0.35460488704253584,-0.9350162426854147,35.0,31.333333333333332
Bluetooth Headphones,2019,23,5,44,102.26272727272726,0.35460488704253584,-0.9350162426854147,34.0,43.0
Phone accessories,2019,23,5,154,3.382307692307692,0.35460488704253584,-0.9350162426854147,155.0,149.0
Phone cables,2019,23,5,164,12.950805369127515,0.35460488704253584,-0.9350162426854147,167.0,162.0
Refrigerators,2019,23,5,20,1454.9965,0.35460488704253584,-0.9350162426854147,23.0,23.0
Smartwatches,2019,23,5,59,149.99677966101694,0.35460488704253584,-0.9350162426854147,63.0,57.333333333333336
Washing machines,2019,23,5,51,368.2292156862745,0.35460488704253584,-0.9350162426854147,46.0,48.666666666666664
Air conditioners,2019,23,6,38,655.2631578947369,0.35460488704253584,-0.9350162426854147,38.0,33.666666666666664
Bluetooth Headphones,2019,23,6,42,102.42902439024391,0.35460488704253584,-0.9350162426854147,44.0,39.666666666666664
Phone accessories,2019,23,6,148,3.415,0.35460488704253584,-0.9350162426854147,154.0,148.33333333333334
Phone cables,2019,23,6,184,12.882235294117647,0.35460488704253584,-0.9350162426854147,164.0,157.33333333333334
Refrigerators,2019,23,6,22,1286.3577272727273,0.35460488704253584,-0.9350162426854147,20.0,22.0
Smartwatches,2019,23,6,59,149.99593220338983,0.35460488704253584,-0.9350162426854147,59.0,61.666666666666664
Washing machines,2019,23,6,49,369.9930612244898,0.35460488704253584,-0.9350162426854147,51.0,50.0
Air conditioners,2019,23,7,29,651.7241379310345,0.35460488704253584,-0.9350162426854147,38.0,37.0
Bluetooth Headphones,2019,23,7,35,104.56142857142856,0.35460488704253584,-0.9350162426854147,42.0,40.0
Phone accessories,2019,23,7,126,3.4394252873563222,0.35460488704253584,-0.9350162426854147,148.0,152.33333333333334
Phone cables,2019,23,7,158,13.12048275862069,0.35460488704253584,-0.9350162426854147,184.0,171.66666666666666
Refrigerators,2019,23,7,22,1286.3577272727273,0.35460488704253584,-0.9350162426854147,22.0,21.666666666666668
Smartwatches,2019,23,7,51,149.99666666666667,0.35460488704253584,-0.9350162426854147,59.0,60.333333333333336
Washing machines,2019,23,7,46,360.21282608695657,0.35460488704253584,-0.9350162426854147,49.0,48.666666666666664
Air conditioners,2019,23,8,24,641.6666666666666,0.35460488704253584,-0.9350162426854147,29.0,35.0
Bluetooth Headphones,2019,23,8,35,101.46058823529411,0.35460488704253584,-0.9350162426854147,35.0,40.333333333333336
Phone accessories,2019,23,8,134,3.4235,0.35460488704253584,-0.9350162426854147,126.0,142.66666666666666
Phone cables,2019,23,8,161,13.231971830985916,0.35460488704253584,-0.9350162426854147,158.0,168.66666666666666
Refrigerators,2019,23,8,27,1484.6123076923077,0.35460488704253584,-0.9350162426854147,22.0,21.333333333333332
Smartwatches,2019,23,8,61,149.9967213114754,0.35460488704253584,-0.9350162426854147,51.0,56.333333333333336
Washing machines,2019,23,8,59,354.06203389830506,0.35460488704253584,-0.9350162426854147,46.0,48.666666666666664
Air conditioners,2019,23,9,30,660.0,0.35460488704253584,-0.9350162426854147,24.0,30.333333333333332
Bluetooth Headphones,2019,23,9,44,102.71727272727271,0.35460488704253584,-0.9350162426854147,35.0,37.333333333333336
Phone accessories,2019,23,9,134,3.4415625,0.35460488704253584,-0.9350162426854147,134.0,136.0
Phone cables,2019,23,9,144,13.167272727272726,0.35460488704253584,-0.9350162426854147,161.0,167.66666666666666
Refrigerators,2019,23,9,35,1359.9951428571428,0.35460488704253584,-0.9350162426854147,27.0,23.666666666666668
Smartwatches,2019,23,9,56,149.99654545454544,0.35460488704253584,-0.9350162426854147,61.0,57.0
Washing machines,2019,23,9,46,365.42826086956524,0.35460488704253584,-0.9350162426854147,59.0,51.333333333333336
Air conditioners,2019,24,10,42,645.2380952380952,0.23931566428755768,-0.970941817426052,30.0,27.666666666666668
Bluetooth Headphones,2019,24,10,36,101.65666666666667,0.23931566428755768,-0.970941817426052,44.0,38.0
Phone accessories,2019,24,10,144,3.44,0.23931566428755768,-0.970941817426052,134.0,131.33333333333334
Phone cables,2019,24,10,186,13.05238095238095,0.23931566428755768,-0.970941817426052,144.0,154.33333333333334
Refrigerators,2019,24,10,14,1199.9928571428572,0.23931566428755768,-0.970941817426052,35.0,28.0
Smartwatches,2019,24,10,44,149.99704545454546,0.23931566428755768,-0.970941817426052,56.0,56.0
Washing machines,2019,24,10,41,370.72414634146344,0.23931566428755768,-0.970941817426052,46.0,50.333333333333336
Air conditioners,2019,24,11,34,650.0,0.23931566428755768,-0.970941817426052,42.0,32.0
Bluetooth Headphones,2019,24,11,28,101.41857142857143,0.23931566428755768,-0.970941817426052,36.0,38.333333333333336
Phone accessories,2019,24,11,153,3.319591836734694,0.23931566428755768,-0.970941817426052,144.0,137.33333333333334
Phone cables,2019,24,11,172,13.022658227848101,0.23931566428755768,-0.970941817426052,186.0,163.66666666666666
Refrigerators,2019,24,11,30,1443.3296666666668,0.23931566428755768,-0.970941817426052,14.0,25.333333333333332
Smartwatches,2019,24,11,54,149.99666666666667,0.23931566428755768,-0.970941817426052,44.0,53.666666666666664
Washing machines,2019,24,11,39,358.96846153846155,0.23931566428755768,-0.970941817426052,41.0,48.666666666666664
Air conditioners,2019,24,12,36,655.5555555555555,0.23931566428755768,-0.970941817426052,34.0,35.333333333333336
Bluetooth Headphones,2019,24,12,44,102.03545454545453,0.23931566428755768,-0.970941817426052,28.0,36.0
Phone accessories,2019,24,12,144,3.452871287128713,0.23931566428755768,-0.970941817426052,153.0,143.66666666666666
Phone cables,2019,24,12,177,12.989225806451612,0.23931566428755768,-0.970941817426052,172.0,167.33333333333334
Refrigerators,2019,24,12,21,1333.328095238095,0.23931566428755768,-0.970941817426052,30.0,26.333333333333332
Smartwatches,2019,24,12,54,149.99685185185186,0.23931566428755768,-0.970941817426052,54.0,51.333333333333336
Washing machines,2019,24,12,52,363.26307692307694,0.23931566428755768,-0.970941817426052,39.0,42.0
Air conditioners,2019,24,13,19,642.1052631578947,0.23931566428755768,-0.970941817426052,36.0,37.333333333333336
Bluetooth Headphones,2019,24,13,42,102.91682926829269,0.23931566428755768,-0.970941817426052,44.0,36.0
Phone accessories,2019,24,13,153,3.355420560747664,0.23931566428755768,-0.970941817426052,144.0,147.0
Phone cables,2019,24,13,175,13.081566265060241,0.23931566428755768,-0.970941817426052,177.0,178.33333333333334
Refrigerators,2019,24,13,27,1466.6633333333334,0.23931566428755768,-0.970941817426052,21.0,21.666666666666668
Smartwatches,2019,24,13,52,149.99720000000002,0.23931566428755768,-0.970941817426052,54.0,50.666666666666664
Washing machines,2019,24,13,43,369.9932558139535,0.23931566428755768,-0.970941817426052,52.0,44.0
Air conditioners,2019,24,14,35,662.8571428571429,0.23931566428755768,-0.970941817426052,19.0,29.666666666666668
Bluetooth Headphones,2019,24,14,44,101.35363636363635,0.23931566428755768,-0.970941817426052,42.0,38.0
Phone accessories,2019,24,14,157,3.484545454545455,0.23931566428755768,-0.970941817426052,153.0,150.0
Phone cables,2019,24,14,142,13.046615384615384,0.23931566428755768,-0.970941817426052,175.0,174.66666666666666
Refrigerators,2019,24,14,23,1304.3421739130433,0.23931566428755768,-0.970941817426052,27.0,26.0
Smartwatches,2019,24,14,79,149.99602564102565,0.23931566428755768,-0.970941817426052,52.0,53.333333333333336
Washing machines,2019,24,14,56,372.31410714285715,0.23931566428755768,-0.970941817426052,43.0,44.666666666666664
Air conditioners,2019,24,15,36,650.0,0.23931566428755768,-0.970941817426052,35.0,30.0
Bluetooth Headphones,2019,24,15,51,102.93117647058823,0.23931566428755768,-0.970941817426052,44.0,43.333333333333336
Phone accessories,2019,24,15,154,3.4890825688073397,0.23931566428755768,-0.970941817426052,157.0,151.33333333333334
Phone cables,2019,24,15,150,12.883138686131387,0.23931566428755768,-0.970941817426052,142.0,164.66666666666666
Refrigerators,2019,24,15,24,1291.6608333333334,0.23931566428755768,-0.970941817426052,23.0,23.666666666666668
Smartwatches,2019,24,15,70,149.99657142857143,0.23931566428755768,-0.970941817426052,79.0,61.666666666666664
Washing machines,2019,24,15,52,356.72538461538466,0.23931566428755768,-0.970941817426052,56.0,50.333333333333336
Air conditioners,2019,24,16,42,642.8571428571429,0.23931566428755768,-0.970941817426052,36.0,30.0
Bluetooth Headphones,2019,24,16,53,101.91307692307691,0.23931566428755768,-0.970941817426052,51.0,45.666666666666664
Phone accessories,2019,24,16,153,3.445909090909091,0.23931566428755768,-0.970941817426052,154.0,154.66666666666666
Phone cables,2019,24,16,163,12.855960264900663,0.23931566428755768,-0.970941817426052,150.0,155.66666666666666
Refrigerators,2019,24,16,13,1323.0715384615385,0.23931566428755768,-0.970941817426052,24.0,24.666666666666668
Smartwatches,2019,24,16,64,149.99625,0.23931566428755768,-0.970941817426052,70.0,67.0
Washing machines,2019,24,16,41,359.26243902439023,0.23931566428755768,-0.970941817426052,52.0,50.333333333333336
Air conditioners,2019,25,17,31,670.9677419354839,0.12053668025532308,-0.992708874098054,42.0,37.666666666666664
Bluetooth Headphones,2019,25,17,46,103.03347826086956,0.12053668025532308,-0.992708874098054,53.0,49.333333333333336
Phone accessories,2019,25,17,138,3.4631958762886597,0.12053668025532308,-0.992708874098054,153.0,154.66666666666666
Phone cables,2019,25,17,164,12.900133333333333,0.12053668025532308,-0.992708874098054,163.0,151.66666666666666
Refrigerators,2019,25,17,22,1349.995,0.12053668025532308,-0.992708874098054,13.0,20.0
Smartwatches,2019,25,17,61,149.99639344262297,0.12053668025532308,-0.992708874098054,64.0,71.0
Washing machines,2019,25,17,39,360.25025641025644,0.12053668025532308,-0.992708874098054,41.0,49.666666666666664
Air conditioners,2019,25,18,24,658.3333333333334,0.12053668025532308,-0.992708874098054,31.0,36.333333333333336
Bluetooth Headphones,2019,25,18,37,102.76777777777778,0.12053668025532308,-0.992708874098054,46.0,50.0
Phone accessories,2019,25,18,137,3.3542857142857145,0.12053668025532308,-0.992708874098054,138.0,148.33333333333334
Phone cables,2019,25,18,152,13.152191780821918,0.12053668025532308,-0.992708874098054,164.0,159.0
Refrigerators,2019,25,18,35,1399.9957142857143,0.12053668025532308,-0.992708874098054,22.0,19.666666666666668
Smartwatches,2019,25,18,66,149.99661538461538,0.12053668025532308,-0.992708874098054,61.0,65.0
Washing machines,2019,25,18,46,372.8182608695652,0.12053668025532308,-0.992708874098054,39.0,44.0
Air conditioners,2019,25,19,43,651.1627906976744,0.12053668025532308,-0.992708874098054,24.0,32.333333333333336
Bluetooth Headphones,2019,25,19,44,103.3990909090909,0.12053668025532308,-0.992708874098054,37.0,45.333333333333336
Phone accessories,2019,25,19,159,3.4816666666666665,0.12053668025532308,-0.992708874098054,137.0,142.66666666666666
Phone cables,2019,25,19,161,12.998741721854305,0.12053668025532308,-0.992708874098054,152.0,159.66666666666666
Refrigerators,2019,25,19,22,1413.6322727272727,0.12053668025532308,-0.992708874098054,35.0,23.333333333333332
Smartwatches,2019,25,19,55,149.99648148148148,0.12053668025532308,-0.992708874098054,66.0,63.666666666666664
Washing machines,2019,25,19,54,366.8453703703704,0.12053668025532308,-0.992708874098054,46.0,42.0
Air conditioners,2019,25,20,30,643.3333333333334,0.12053668025532308,-0.992708874098054,43.0,32.666666666666664
Bluetooth Headphones,2019,25,20,45,102.03545454545453,0.12053668025532308,-0.992708874098054,44.0,42.333333333333336
Phone accessories,2019,25,20,146,3.443883495145631,0.12053668025532308,-0.992708874098054,159.0,144.66666666666666
Phone cables,2019,25,20,175,13.068787878787878,0.12053668025532308,-0.992708874098054,161.0,159.0
Refrigerators,2019,25,20,25,1363.9951999999998,0.12053668025532308,-0.992708874098054,22.0,26.333333333333332
Smartwatches,2019,25,20,53,149.99673076923077,0.12053668025532308,-0.992708874098054,55.0,60.666666666666664
Washing machines,2019,25,20,54,365.5494444444445,0.12053668025532308,-0.992708874098054,54.0,46.333333333333336
Air conditioners,2019,25,21,45,653.3333333333334,0.12053668025532308,-0.992708874098054,30.0,32.333333333333336
Bluetooth Headphones,2019,25,21,49,103.0512244897959,0.12053668025532308,-0.992708874098054,45.0,42.0
Phone accessories,2019,25,21,144,3.532380952380952,0.12053668025532308,-0.992708874098054,146.0,147.33333333333334
Phone cables,2019,25,21,175,13.019135802469135,0.12053668025532308,-0.992708874098054,175.0,162.66666666666666
Refrigerators,2019,25,21,19,1368.4163157894736,0.12053668025532308,-0.992708874098054,25.0,27.333333333333332
Smartwatches,2019,25,21,59,149.99655172413793,0.12053668025532308,-0.992708874098054,53.0,58.0
Washing machines,2019,25,21,38,358.41473684210524,0.12053668025532308,-0.992708874098054,54.0,51.333333333333336
Air conditioners,2019,25,22,37,651.3513513513514,0.12053668025532308,-0.992708874098054,45.0,39.333333333333336
Bluetooth Headphones,2019,25,22,37,101.07108108108108,0.12053668025532308,-0.992708874098054,49.0,46.0
Phone accessories,2019,25,22,131,3.37804347826087,0.12053668025532308,-0.992708874098054,144.0,149.66666666666666
Phone cables,2019,25,22,139,13.032539682539682,0.12053668025532308,-0.992708874098054,175.0,170.33333333333334
Refrigerators,2019,25,22,16,1481.246875,0.12053668025532308,-0.992708874098054,19.0,22.0
Smartwatches,2019,25,22,50,149.9965306122449,0.12053668025532308,-0.992708874098054,59.0,55.666666666666664
Washing machines,2019,25,22,36,370.5491666666667,0.12053668025532308,-0.992708874098054,38.0,48.666666666666664
Air conditioners,2019,25,23,39,651.2820512820513,0.12053668025532308,-0.992708874098054,37.0,37.333333333333336
Bluetooth Headphones,2019,25,23,44,102.71727272727271,0.12053668025532308,-0.992708874098054,37.0,43.666666666666664
Phone accessories,2019,25,23,103,3.367777777777778,0.12053668025532308,-0.992708874098054,131.0,140.33333333333334
Phone cables,2019,25,23,139,12.9696875,0.12053668025532308,-0.992708874098054,139.0,163.0
Refrigerators,2019,25,23,24,1320.8279166666666,0.12053668025532308,-0.992708874098054,16.0,20.0
Smartwatches,2019,25,23,58,149.99706896551723,0.12053668025532308,-0.992708874098054,50.0,54.0
Washing machines,2019,25,23,48,359.5777083333333,0.12053668025532308,-0.992708874098054,36.0,42.666666666666664
Air conditioners,2019,26,24,30,656.6666666666666,-3.216245299353273e-16,-1.0,39.0,40.333333333333336
Bluetooth Headphones,2019,26,24,45,101.54555555555557,-3.216245299353273e-16,-1.0,44.0,43.333333333333336
Phone accessories,2019,26,24,135,3.419126213592233,-3.216245299353273e-16,-1.0,103.0,126.0
Phone cables,2019,26,24,170,12.935222929936305,-3.216245299353273e-16,-1.0,139.0,151.0
Refrigerators,2019,26,24,11,1318.1763636363637,-3.216245299353273e-16,-1.0,24.0,19.666666666666668
Smartwatches,2019,26,24,51,149.99705882352941,-3.216245299353273e-16,-1.0,58.0,55.666666666666664
Washing machines,2019,26,24,47,359.781914893617,-3.216245299353273e-16,-1.0,48.0,40.666666666666664
Air conditioners,2019,26,25,39,653.8461538461538,-3.216245299353273e-16,-1.0,30.0,35.333333333333336
Bluetooth Headphones,2019,26,25,48,103.32333333333332,-3.216245299353273e-16,-1.0,45.0,42.0
Phone accessories,2019,26,25,135,3.461195652173913,-3.216245299353273e-16,-1.0,135.0,123.0
Phone cables,2019,26,25,143,13.12709923664122,-3.216245299353273e-16,-1.0,170.0,149.33333333333334
Refrigerators,2019,26,25,28,1249.9935714285714,-3.216245299353273e-16,-1.0,11.0,17.0
Smartwatches,2019,26,25,57,149.99685185185186,-3.216245299353273e-16,-1.0,51.0,53.0
Washing machines,2019,26,25,50,361.9946,-3.216245299353273e-16,-1.0,47.0,43.666666666666664
Air conditioners,2019,26,26,24,645.8333333333334,-3.216245299353273e-16,-1.0,39.0,36.0
Bluetooth Headphones,2019,26,26,56,102.17181818181818,-3.216245299353273e-16,-1.0,48.0,45.666666666666664
Phone accessories,2019,26,26,157,3.4260869565217393,-3.216245299353273e-16,-1.0,135.0,124.33333333333333
Phone cables,2019,26,26,167,12.872535211267605,-3.216245299353273e-16,-1.0,143.0,150.66666666666666
Refrigerators,2019,26,26,13,1269.2246153846152,-3.216245299353273e-16,-1.0,28.0,21.0
Smartwatches,2019,26,26,62,149.99693548387097,-3.216245299353273e-16,-1.0,57.0,55.333333333333336
Washing machines,2019,26,26,52,366.7240384615385,-3.216245299353273e-16,-1.0,50.0,48.333333333333336
Air conditioners,2019,26,27,18,661.1111111111111,-3.216245299353273e-16,-1.0,24.0,31.0
Bluetooth Headphones,2019,26,27,39,103.06692307692308,-3.216245299353273e-16,-1.0,56.0,49.666666666666664
Phone accessories,2019,26,27,122,3.4963829787234046,-3.216245299353273e-16,-1.0,157.0,142.33333333333334
Phone cables,2019,26,27,145,13.111503759398495,-3.216245299353273e-16,-1.0,167.0,160.0
Refrigerators,2019,26,27,18,1466.6633333333332,-3.216245299353273e-16,-1.0,13.0,17.333333333333332
Smartwatches,2019,26,27,56,149.998,-3.216245299353273e-16,-1.0,62.0,56.666666666666664
Washing machines,2019,26,27,51,361.3656862745098,-3.216245299353273e-16,-1.0,52.0,49.666666666666664
Air conditioners,2019,26,28,42,659.5238095238095,-3.216245299353273e-16,-1.0,18.0,27.0
Bluetooth Headphones,2019,26,28,50,102.79,-3.216245299353273e-16,-1.0,39.0,47.666666666666664
Phone accessories,2019,26,28,127,3.405760869565217,-3.216245299353273e-16,-1.0,122.0,138.0
Phone cables,2019,26,28,157,13.016486486486485,-3.216245299353273e-16,-1.0,145.0,151.66666666666666
Refrigerators,2019,26,28,27,1388.8844444444444,-3.216245299353273e-16,-1.0,18.0,19.666666666666668
Smartwatches,2019,26,28,59,149.99745762711865,-3.216245299353273e-16,-1.0,56.0,58.333333333333336
Washing machines,2019,26,28,48,368.3264583333334,-3.216245299353273e-16,-1.0,51.0,51.0
Air conditioners,2019,26,29,41,651.219512195122,-3.216245299353273e-16,-1.0,42.0,28.0
Bluetooth Headphones,2019,26,29,45,102.8788888888889,-3.216245299353273e-16,-1.0,50.0,48.333333333333336
Phone accessories,2019,26,29,137,3.462222222222222,-3.216245299353273e-16,-1.0,127.0,135.33333333333334
Phone cables,2019,26,29,196,12.985307262569831,-3.216245299353273e-16,-1.0,157.0,156.33333333333334
Refrigerators,2019,26,29,23,1395.6478260869567,-3.216245299353273e-16,-1.0,27.0,19.333333333333332
Smartwatches,2019,26,29,53,149.99692307692308,-3.216245299353273e-16,-1.0,59.0,59.0
Washing machines,2019,26,29,53,365.1857692307692,-3.216245299353273e-16,-1.0,48.0,50.333333333333336
Air conditioners,2019,26,30,36,655.5555555555555,-3.216245299353273e-16,-1.0,41.0,33.666666666666664
Bluetooth Headphones,2019,26,30,52,102.14686274509803,-3.216245299353273e-16,-1.0,45.0,44.666666666666664
Phone accessories,2019,26,30,125,3.4197752808988766,-3.216245299353273e-16,-1.0,137.0,128.66666666666666
Phone cables,2019,26,30,160,13.184013605442177,-3.216245299353273e-16,-1.0,196.0,166.0
Refrigerators,2019,26,30,20,1349.9950000000001,-3.216245299353273e-16,-1.0,23.0,22.666666666666668
Smartwatches,2019,26,30,61,149.99644067796612,-3.216245299353273e-16,-1.0,53.0,56.0
Washing machines,2019,26,30,45,358.8835555555556,-3.216245299353273e-16,-1.0,53.0,50.666666666666664
Air conditioners,2019,27,1,30,660.0,-0.12053668025532283,-0.992708874098054,36.0,39.666666666666664
Bluetooth Headphones,2019,27,1,55,102.82018867924528,-0.12053668025532283,-0.992708874098054,52.0,49.0
Phone accessories,2019,27,1,142,3.4622222222222225,-0.12053668025532283,-0.992708874098054,125.0,129.66666666666666
Phone cables,2019,27,1,185,12.931734104046242,-0.12053668025532283,-0.992708874098054,160.0,171.0
Refrigerators,2019,27,1,25,1503.9972,-0.12053668025532283,-0.992708874098054,20.0,23.333333333333332
Smartwatches,2019,27,1,68,149.99588235294118,-0.12053668025532283,-0.992708874098054,61.0,57.666666666666664
Washing machines,2019,27,1,37,361.6154054054054,-0.12053668025532283,-0.992708874098054,45.0,48.666666666666664
Air conditioners,2019,27,2,32,650.0,-0.12053668025532283,-0.992708874098054,30.0,35.666666666666664
Bluetooth Headphones,2019,27,2,49,102.28166666666665,-0.12053668025532283,-0.992708874098054,55.0,50.666666666666664
Phone accessories,2019,27,2,132,3.396521739130435,-0.12053668025532283,-0.992708874098054,142.0,134.66666666666666
Phone cables,2019,27,2,174,13.133414634146343,-0.12053668025532283,-0.992708874098054,185.0,180.33333333333334
Refrigerators,2019,27,2,15,1373.3286666666668,-0.12053668025532283,-0.992708874098054,25.0,22.666666666666668
Smartwatches,2019,27,2,73,149.99694444444447,-0.12053668025532283,-0.992708874098054,68.0,60.666666666666664
Washing machines,2019,27,2,44,362.26590909090913,-0.12053668025532283,-0.992708874098054,37.0,45.0
Air conditioners,2019,27,3,44,656.8181818181819,-0.12053668025532283,-0.992708874098054,32.0,32.666666666666664
Bluetooth Headphones,2019,27,3,45,101.54555555555557,-0.12053668025532283,-0.992708874098054,49.0,52.0
Phone accessories,2019,27,3,124,3.5,-0.12053668025532283,-0.992708874098054,132.0,133.0
Phone cables,2019,27,3,173,13.007290322580644,-0.12053668025532283,-0.992708874098054,174.0,173.0
Refrigerators,2019,27,3,23,1395.6478260869567,-0.12053668025532283,-0.992708874098054,15.0,20.0
Smartwatches,2019,27,3,68,149.99676470588236,-0.12053668025532283,-0.992708874098054,73.0,67.33333333333333
Washing machines,2019,27,3,42,361.6604761904762,-0.12053668025532283,-0.992708874098054,44.0,42.0
Air conditioners,2019,27,4,36,655.5555555555555,-0.12053668025532283,-0.992708874098054,44.0,35.333333333333336
Bluetooth Headphones,2019,27,4,37,101.88189189189188,-0.12053668025532283,-0.992708874098054,45.0,49.666666666666664
Phone accessories,2019,27,4,130,3.4544329896907215,-0.12053668025532283,-0.992708874098054,124.0,132.66666666666666
Phone cables,2019,27,4,158,13.113561643835617,-0.12053668025532283,-0.992708874098054,173.0,177.33333333333334
Refrigerators,2019,27,4,32,1349.995,-0.12053668025532283,-0.992708874098054,23.0,21.0
Smartwatches,2019,27,4,58,149.99660714285713,-0.12053668025532283,-0.992708874098054,68.0,69.66666666666667
Washing machines,2019,27,4,55,369.99327272727277,-0.12053668025532283,-0.992708874098054,42.0,41.0
Air conditioners,2019,27,5,26,657.6923076923077,-0.12053668025532283,-0.992708874098054,36.0,37.333333333333336
Bluetooth Headphones,2019,27,5,52,102.2976923076923,-0.12053668025532283,-0.992708874098054,37.0,43.666666666666664
Phone accessories,2019,27,5,160,3.328495575221239,-0.12053668025532283,-0.992708874098054,130.0,128.66666666666666
Phone cables,2019,27,5,164,13.187551020408163,-0.12053668025532283,-0.992708874098054,158.0,168.33333333333334
Refrigerators,2019,27,5,16,1262.49375,-0.12053668025532283,-0.992708874098054,32.0,23.333333333333332
Smartwatches,2019,27,5,41,149.9968292682927,-0.12053668025532283,-0.992708874098054,58.0,66.33333333333333
Washing machines,2019,27,5,57,365.4324561403509,-0.12053668025532283,-0.992708874098054,55.0,47.0
Air conditioners,2019,27,6,30,660.0,-0.12053668025532283,-0.992708874098054,26.0,35.333333333333336
Bluetooth Headphones,2019,27,6,51,103.51941176470588,-0.12053668025532283,-0.992708874098054,52.0,44.666666666666664
Phone accessories,2019,27,6,123,3.45195652173913,-0.12053668025532283,-0.992708874098054,160.0,138.0
Phone cables,2019,27,6,168,13.113846153846154,-0.12053668025532283,-0.992708874098054,164.0,165.0
Refrigerators,2019,27,6,32,1393.745625,-0.12053668025532283,-0.992708874098054,16.0,23.666666666666668
Smartwatches,2019,27,6,68,149.99779411764706,-0.12053668025532283,-0.992708874098054,41.0,55.666666666666664
Washing machines,2019,27,6,47,360.63255319148936,-0.12053668025532283,-0.992708874098054,57.0,51.333333333333336
Air conditioners,2019,27,7,27,651.8518518518518,-0.12053668025532283,-0.992708874098054,30.0,30.666666666666668
Bluetooth Headphones,2019,27,7,41,102.42902439024391,-0.12053668025532283,-0.992708874098054,51.0,46.666666666666664
Phone accessories,2019,27,7,147,3.3350495049504953,-0.12053668025532283,-0.992708874098054,123.0,137.66666666666666
Phone cables,2019,27,7,181,12.877904191616768,-0.12053668025532283,-0.992708874098054,168.0,163.33333333333334
Refrigerators,2019,27,7,14,1449.9964285714286,-0.12053668025532283,-0.992708874098054,32.0,26.666666666666668
Smartwatches,2019,27,7,52,149.9953846153846,-0.12053668025532283,-0.992708874098054,68.0,55.666666666666664
Washing machines,2019,27,7,49,359.790612244898,-0.12053668025532283,-0.992708874098054,47.0,53.0
Air conditioners,2019,28,8,39,638.4615384615385,-0.23931566428755743,-0.9709418174260521,27.0,27.666666666666668
Bluetooth Headphones,2019,28,8,41,101.94121951219512,-0.23931566428755743,-0.9709418174260521,41.0,48.0
Phone accessories,2019,28,8,143,3.3456122448979593,-0.23931566428755743,-0.9709418174260521,147.0,143.33333333333334
Phone cables,2019,28,8,184,12.951411764705881,-0.23931566428755743,-0.9709418174260521,181.0,171.0
Refrigerators,2019,28,8,19,1331.5736842105264,-0.23931566428755743,-0.9709418174260521,14.0,20.666666666666668
Smartwatches,2019,28,8,64,149.99640625,-0.23931566428755743,-0.9709418174260521,52.0,53.666666666666664
Washing machines,2019,28,8,48,368.50382978723405,-0.23931566428755743,-0.9709418174260521,49.0,51.0
Air conditioners,2019,28,9,28,657.1428571428571,-0.23931566428755743,-0.9709418174260521,39.0,32.0
Bluetooth Headphones,2019,28,9,40,102.48999999999998,-0.23931566428755743,-0.9709418174260521,41.0,44.333333333333336
Phone accessories,2019,28,9,175,3.4223275862068965,-0.23931566428755743,-0.9709418174260521,143.0,137.66666666666666
Phone cables,2019,28,9,162,12.88917808219178,-0.23931566428755743,-0.9709418174260521,184.0,177.66666666666666
Refrigerators,2019,28,9,24,1408.3291666666667,-0.23931566428755743,-0.9709418174260521,19.0,21.666666666666668
Smartwatches,2019,28,9,77,149.99636363636364,-0.23931566428755743,-0.9709418174260521,64.0,61.333333333333336
Washing machines,2019,28,9,35,373.422,-0.23931566428755743,-0.9709418174260521,48.0,48.0
Air conditioners,2019,28,10,36,647.2222222222222,-0.23931566428755743,-0.9709418174260521,28.0,31.333333333333332
Bluetooth Headphones,2019,28,10,42,102.67292682926829,-0.23931566428755743,-0.9709418174260521,40.0,40.666666666666664
Phone accessories,2019,28,10,147,3.3843298969072166,-0.23931566428755743,-0.9709418174260521,175.0,155.0
Phone cables,2019,28,10,174,12.859068322981367,-0.23931566428755743,-0.9709418174260521,162.0,175.66666666666666
Refrigerators,2019,28,10,23,1426.083043478261,-0.23931566428755743,-0.9709418174260521,24.0,19.0
Smartwatches,2019,28,10,59,149.99677966101694,-0.23931566428755743,-0.9709418174260521,77.0,64.33333333333333
Washing machines,2019,28,10,49,366.80106382978727,-0.23931566428755743,-0.9709418174260521,35.0,44.0
Air conditioners,2019,28,11,25,644.0,-0.23931566428755743,-0.9709418174260521,36.0,34.333333333333336
Bluetooth Headphones,2019,28,11,44,103.01325581395348,-0.23931566428755743,-0.9709418174260521,42.0,41.0
Phone accessories,2019,28,11,131,3.4716666666666667,-0.23931566428755743,-0.9709418174260521,147.0,155.0
Phone cables,2019,28,11,152,13.017625899280576,-0.23931566428755743,-0.9709418174260521,174.0,173.33333333333334
Refrigerators,2019,28,11,23,1304.3421739130433,-0.23931566428755743,-0.9709418174260521,23.0,22.0
Smartwatches,2019,28,11,57,149.99660714285713,-0.23931566428755743,-0.9709418174260521,59.0,66.66666666666667
Washing machines,2019,28,11,54,358.67283018867926,-0.23931566428755743,-0.9709418174260521,49.0,44.0
Air conditioners,2019,28,12,30,636.6666666666666,-0.23931566428755743,-0.9709418174260521,25.0,29.666666666666668
Bluetooth Headphones,2019,28,12,39,103.06692307692308,-0.23931566428755743,-0.9709418174260521,44.0,42.0
Phone accessories,2019,28,12,143,3.4063265306122448,-0.23931566428755743,-0.9709418174260521,131.0,151.0
Phone cables,2019,28,12,165,13.122903225806452,-0.23931566428755743,-0.9709418174260521,152.0,162.66666666666666
Refrigerators,2019,28,12,18,1272.216111111111,-0.23931566428755743,-0.9709418174260521,23.0,23.333333333333332
Smartwatches,2019,28,12,60,149.99733333333333,-0.23931566428755743,-0.9709418174260521,57.0,64.33333333333333
Washing machines,2019,28,12,56,368.92160714285717,-0.23931566428755743,-0.9709418174260521,54.0,46.0
Air conditioners,2019,28,13,29,651.7241379310345,-0.23931566428755743,-0.9709418174260521,30.0,30.333333333333332
Bluetooth Headphones,2019,28,13,41,102.42902439024391,-0.23931566428755743,-0.9709418174260521,39.0,41.666666666666664
Phone accessories,2019,28,13,141,3.4235,-0.23931566428755743,-0.9709418174260521,143.0,140.33333333333334
Phone cables,2019,28,13,166,13.196013071895425,-0.23931566428755743,-0.9709418174260521,165.0,163.66666666666666
Refrigerators,2019,28,13,31,1406.4474193548388,-0.23931566428755743,-0.9709418174260521,18.0,21.333333333333332
Smartwatches,2019,28,13,60,149.9968333333333,-0.23931566428755743,-0.9709418174260521,60.0,58.666666666666664
Washing machines,2019,28,13,55,358.72145454545455,-0.23931566428755743,-0.9709418174260521,56.0,53.0
Air conditioners,2019,28,14,27,655.5555555555555,-0.23931566428755743,-0.9709418174260521,29.0,28.0
Bluetooth Headphones,2019,28,14,52,102.2976923076923,-0.23931566428755743,-0.9709418174260521,41.0,41.333333333333336
Phone accessories,2019,28,14,119,3.415,-0.23931566428755743,-0.9709418174260521,141.0,138.33333333333334
Phone cables,2019,28,14,152,13.023333333333333,-0.23931566428755743,-0.9709418174260521,166.0,161.0
Refrigerators,2019,28,14,30,1349.995,-0.23931566428755743,-0.9709418174260521,31.0,24.0
Smartwatches,2019,28,14,62,149.99688524590164,-0.23931566428755743,-0.9709418174260521,60.0,59.0
Washing machines,2019,28,14,53,367.7298113207547,-0.23931566428755743,-0.9709418174260521,55.0,55.0
Air conditioners,2019,29,15,35,637.1428571428571,-0.3546048870425356,-0.9350162426854148,27.0,28.666666666666668
Bluetooth Headphones,2019,29,15,46,103.32333333333334,-0.3546048870425356,-0.9350162426854148,52.0,44.0
Phone accessories,2019,29,15,167,3.478938053097345,-0.3546048870425356,-0.9350162426854148,119.0,134.33333333333334
Phone cables,2019,29,15,190,12.99561403508772,-0.3546048870425356,-0.9350162426854148,152.0,161.0
Refrigerators,2019,29,15,24,1379.1620833333334,-0.3546048870425356,-0.9350162426854148,30.0,26.333333333333332
Smartwatches,2019,29,15,62,149.99709677419355,-0.3546048870425356,-0.9350162426854148,62.0,60.666666666666664
Washing machines,2019,29,15,49,362.44265306122446,-0.3546048870425356,-0.9350162426854148,53.0,54.666666666666664
Air conditioners,2019,29,16,41,646.3414634146342,-0.3546048870425356,-0.9350162426854148,35.0,30.333333333333332
Bluetooth Headphones,2019,29,16,39,101.78487179487179,-0.3546048870425356,-0.9350162426854148,46.0,46.333333333333336
Phone accessories,2019,29,16,156,3.4550943396226415,-0.3546048870425356,-0.9350162426854148,167.0,142.33333333333334
Phone cables,2019,29,16,167,13.12083870967742,-0.3546048870425356,-0.9350162426854148,190.0,169.33333333333334
Refrigerators,2019,29,16,20,1314.9945,-0.3546048870425356,-0.9350162426854148,24.0,28.333333333333332
Smartwatches,2019,29,16,51,149.99588235294118,-0.3546048870425356,-0.9350162426854148,62.0,61.333333333333336
Washing machines,2019,29,16,57,363.32719298245615,-0.3546048870425356,-0.9350162426854148,49.0,52.333333333333336
Air conditioners,2019,29,17,32,643.75,-0.3546048870425356,-0.9350162426854148,41.0,34.333333333333336
Bluetooth Headphones,2019,29,17,44,101.80818181818181,-0.3546048870425356,-0.9350162426854148,39.0,45.666666666666664
Phone accessories,2019,29,17,112,3.4307407407407404,-0.3546048870425356,-0.9350162426854148,156.0,147.33333333333334
Phone cables,2019,29,17,150,13.073478260869564,-0.3546048870425356,-0.9350162426854148,167.0,169.66666666666666
Refrigerators,2019,29,17,22,1381.8136363636365,-0.3546048870425356,-0.9350162426854148,20.0,24.666666666666668
Smartwatches,2019,29,17,52,149.9971153846154,-0.3546048870425356,-0.9350162426854148,51.0,58.333333333333336
Washing machines,2019,29,17,36,364.71555555555557,-0.3546048870425356,-0.9350162426854148,57.0,53.0
Air conditioners,2019,29,18,39,666.6666666666666,-0.3546048870425356,-0.9350162426854148,32.0,36.0
Bluetooth Headphones,2019,29,18,53,103.76358490566037,-0.3546048870425356,-0.9350162426854148,44.0,43.0
Phone accessories,2019,29,18,144,3.434495412844037,-0.3546048870425356,-0.9350162426854148,112.0,145.0
Phone cables,2019,29,18,176,12.876829268292681,-0.3546048870425356,-0.9350162426854148,150.0,169.0
Refrigerators,2019,29,18,23,1426.083043478261,-0.3546048870425356,-0.9350162426854148,22.0,22.0
Smartwatches,2019,29,18,66,149.99676923076925,-0.3546048870425356,-0.9350162426854148,52.0,55.0
Washing machines,2019,29,18,53,368.4835849056604,-0.3546048870425356,-0.9350162426854148,36.0,47.333333333333336
Air conditioners,2019,29,19,28,639.2857142857143,-0.3546048870425356,-0.9350162426854148,39.0,37.333333333333336
Bluetooth Headphones,2019,29,19,45,102.43444444444445,-0.3546048870425356,-0.9350162426854148,53.0,45.333333333333336
Phone accessories,2019,29,19,137,3.3855445544554454,-0.3546048870425356,-0.9350162426854148,144.0,137.33333333333334
Phone cables,2019,29,19,174,12.856329113924051,-0.3546048870425356,-0.9350162426854148,176.0,164.33333333333334
Refrigerators,2019,29,19,17,1329.4064705882354,-0.3546048870425356,-0.9350162426854148,23.0,21.666666666666668
Smartwatches,2019,29,19,48,149.99604166666668,-0.3546048870425356,-0.9350162426854148,66.0,56.333333333333336
Washing machines,2019,29,19,52,360.37826923076926,-0.3546048870425356,-0.9350162426854148,53.0,48.666666666666664
Air conditioners,2019,29,20,25,664.0,-0.3546048870425356,-0.9350162426854148,28.0,33.0
Bluetooth Headphones,2019,29,20,46,102.21222222222222,-0.3546048870425356,-0.9350162426854148,45.0,47.333333333333336
Phone accessories,2019,29,20,172,3.415,-0.3546048870425356,-0.9350162426854148,137.0,131.0
Phone cables,2019,29,20,173,13.105250000000002,-0.3546048870425356,-0.9350162426854148,174.0,166.66666666666666
Refrigerators,2019,29,20,26,1430.7653846153846,-0.3546048870425356,-0.9350162426854148,17.0,20.666666666666668
Smartwatches,2019,29,20,54,149.9977358490566,-0.3546048870425356,-0.9350162426854148,48.0,55.333333333333336
Washing machines,2019,29,20,40,368.2425,-0.3546048870425356,-0.9350162426854148,52.0,47.0
Air conditioners,2019,29,21,41,640.0,-0.3546048870425356,-0.9350162426854148,25.0,30.666666666666668
Bluetooth Headphones,2019,29,21,43,102.08302325581394,-0.3546048870425356,-0.9350162426854148,46.0,48.0
Phone accessories,2019,29,21,106,3.5146913580246912,-0.3546048870425356,-0.9350162426854148,172.0,151.0
Phone cables,2019,29,21,180,12.999696969696968,-0.3546048870425356,-0.9350162426854148,173.0,174.33333333333334
Refrigerators,2019,29,21,27,1570.3685185185184,-0.3546048870425356,-0.9350162426854148,26.0,22.0
Smartwatches,2019,29,21,57,149.99607142857144,-0.3546048870425356,-0.9350162426854148,54.0,56.0
Washing machines,2019,29,21,53,376.2205660377358,-0.3546048870425356,-0.9350162426854148,40.0,48.333333333333336
Air conditioners,2019,30,22,42,650.0,-0.46472317204376806,-0.8854560256532101,41.0,31.333333333333332
Bluetooth Headphones,2019,30,22,46,101.7291304347826,-0.46472317204376806,-0.8854560256532101,43.0,44.666666666666664
Phone accessories,2019,30,22,138,3.4269158878504675,-0.46472317204376806,-0.8854560256532101,106.0,138.33333333333334
Phone cables,2019,30,22,171,13.00281045751634,-0.46472317204376806,-0.8854560256532101,180.0,175.66666666666666
Refrigerators,2019,30,22,18,1311.1055555555556,-0.46472317204376806,-0.8854560256532101,27.0,23.333333333333332
Smartwatches,2019,30,22,69,149.9963768115942,-0.46472317204376806,-0.8854560256532101,57.0,53.0
Washing machines,2019,30,22,62,352.12524590163935,-0.46472317204376806,-0.8854560256532101,53.0,48.333333333333336
Air conditioners,2019,30,23,26,630.7692307692307,-0.46472317204376806,-0.8854560256532101,42.0,36.0
Bluetooth Headphones,2019,30,23,38,103.1478947368421,-0.46472317204376806,-0.8854560256532101,46.0,45.0
Phone accessories,2019,30,23,139,3.406826923076923,-0.46472317204376806,-0.8854560256532101,138.0,138.66666666666666
Phone cables,2019,30,23,159,12.869424460431654,-0.46472317204376806,-0.8854560256532101,171.0,174.66666666666666
Refrigerators,2019,30,23,21,1366.661904761905,-0.46472317204376806,-0.8854560256532101,18.0,23.666666666666668
Smartwatches,2019,30,23,51,149.9968,-0.46472317204376806,-0.8854560256532101,69.0,60.0
Washing machines,2019,30,23,44,364.53977272727275,-0.46472317204376806,-0.8854560256532101,62.0,51.666666666666664
Air conditioners,2019,30,24,33,639.3939393939394,-0.46472317204376806,-0.8854560256532101,26.0,36.333333333333336
Bluetooth Headphones,2019,30,24,45,101.35363636363635,-0.46472317204376806,-0.8854560256532101,38.0,42.333333333333336
Phone accessories,2019,30,24,134,3.496565656565657,-0.46472317204376806,-0.8854560256532101,139.0,127.66666666666667
Phone cables,2019,30,24,147,13.173235294117646,-0.46472317204376806,-0.8854560256532101,159.0,170.0
Refrigerators,2019,30,24,23,1365.212608695652,-0.46472317204376806,-0.8854560256532101,21.0,22.0
Smartwatches,2019,30,24,58,149.99603448275863,-0.46472317204376806,-0.8854560256532101,51.0,59.0
Washing machines,2019,30,24,43,362.5520930232558,-0.46472317204376806,-0.8854560256532101,44.0,53.0
Air conditioners,2019,30,25,26,646.1538461538462,-0.46472317204376806,-0.8854560256532101,33.0,33.666666666666664
Bluetooth Headphones,2019,30,25,42,101.18047619047618,-0.46472317204376806,-0.8854560256532101,45.0,43.0
Phone accessories,2019,30,25,143,3.4030841121495325,-0.46472317204376806,-0.8854560256532101,134.0,137.0
Phone cables,2019,30,25,194,13.017272727272728,-0.46472317204376806,-0.8854560256532101,147.0,159.0
Refrigerators,2019,30,25,17,1288.229411764706,-0.46472317204376806,-0.8854560256532101,23.0,20.666666666666668
Smartwatches,2019,30,25,61,149.99688524590164,-0.46472317204376806,-0.8854560256532101,58.0,59.333333333333336
Washing machines,2019,30,25,53,362.4458490566038,-0.46472317204376806,-0.8854560256532101,43.0,49.666666666666664
Air conditioners,2019,30,26,35,637.1428571428571,-0.46472317204376806,-0.8854560256532101,26.0,28.333333333333332
Bluetooth Headphones,2019,30,26,48,102.75595744680851,-0.46472317204376806,-0.8854560256532101,42.0,41.666666666666664
Phone accessories,2019,30,26,189,3.4355645161290322,-0.46472317204376806,-0.8854560256532101,143.0,138.66666666666666
Phone cables,2019,30,26,176,13.036666666666667,-0.46472317204376806,-0.8854560256532101,194.0,166.66666666666666
Refrigerators,2019,30,26,16,1174.9925,-0.46472317204376806,-0.8854560256532101,17.0,20.333333333333332
Smartwatches,2019,30,26,51,149.9966,-0.46472317204376806,-0.8854560256532101,61.0,56.666666666666664
Washing machines,2019,30,26,42,362.3747619047619,-0.46472317204376806,-0.8854560256532101,53.0,46.666666666666664
Air conditioners,2019,30,27,35,660.0,-0.46472317204376806,-0.8854560256532101,35.0,31.333333333333332
Bluetooth Headphones,2019,30,27,44,101.35363636363635,-0.46472317204376806,-0.8854560256532101,48.0,45.0
Phone accessories,2019,30,27,132,3.3441666666666667,-0.46472317204376806,-0.8854560256532101,189.0,155.33333333333334
Phone cables,2019,30,27,162,13.041972789115645,-0.46472317204376806,-0.8854560256532101,176.0,172.33333333333334
Refrigerators,2019,30,27,18,1388.8844444444444,-0.46472317204376806,-0.8854560256532101,16.0,18.666666666666668
Smartwatches,2019,30,27,60,149.99633333333335,-0.46472317204376806,-0.8854560256532101,51.0,56.666666666666664
Washing machines,2019,30,27,46,358.9071739130435,-0.46472317204376806,-0.8854560256532101,42.0,46.0
Air conditioners,2019,30,28,43,653.4883720930233,-0.46472317204376806,-0.8854560256532101,35.0,32.0
Bluetooth Headphones,2019,30,28,51,101.55862745098038,-0.46472317204376806,-0.8854560256532101,44.0,44.666666666666664
Phone accessories,2019,30,28,139,3.415,-0.46472317204376806,-0.8854560256532101,132.0,154.66666666666666
Phone cables,2019,30,28,172,12.933170731707317,-0.46472317204376806,-0.8854560256532101,162.0,177.33333333333334
Refrigerators,2019,30,28,18,1349.995,-0.46472317204376806,-0.8854560256532101,18.0,17.0
Smartwatches,2019,30,28,59,149.99689655172412,-0.46472317204376806,-0.8854560256532101,60.0,57.333333333333336
Washing machines,2019,30,28,50,357.3944,-0.46472317204376806,-0.8854560256532101,46.0,47.0
Air conditioners,2019,31,1,28,653.5714285714286,-0.5680647467311556,-0.8229838658936565,43.0,37.666666666666664
Bluetooth Headphones,2019,31,1,34,103.51941176470588,-0.5680647467311556,-0.8229838658936565,51.0,47.666666666666664
Phone accessories,2019,31,1,125,3.3278205128205127,-0.5680647467311556,-0.8229838658936565,139.0,153.33333333333334
Phone cables,2019,31,1,129,12.814666666666666,-0.5680647467311556,-0.8229838658936565,172.0,170.0
Refrigerators,2019,31,1,17,1535.2917647058823,-0.5680647467311556,-0.8229838658936565,18.0,17.333333333333332
Smartwatches,2019,31,1,51,149.99607843137255,-0.5680647467311556,-0.8229838658936565,59.0,56.666666666666664
Washing machines,2019,31,1,40,363.494,-0.5680647467311556,-0.8229838658936565,50.0,46.0
Air conditioners,2019,31,2,48,643.75,-0.5680647467311556,-0.8229838658936565,28.0,35.333333333333336
Bluetooth Headphones,2019,31,2,35,103.41857142857141,-0.5680647467311556,-0.8229838658936565,34.0,43.0
Phone accessories,2019,31,2,118,3.4610843373493974,-0.5680647467311556,-0.8229838658936565,125.0,132.0
Phone cables,2019,31,2,154,13.047021276595745,-0.5680647467311556,-0.8229838658936565,129.0,154.33333333333334
Refrigerators,2019,31,2,12,1174.9925,-0.5680647467311556,-0.8229838658936565,17.0,17.666666666666668
Smartwatches,2019,31,2,34,149.9979411764706,-0.5680647467311556,-0.8229838658936565,51.0,56.666666666666664
Washing machines,2019,31,2,36,360.5497222222223,-0.5680647467311556,-0.8229838658936565,40.0,45.333333333333336
Air conditioners,2019,31,3,28,650.0,-0.5680647467311556,-0.8229838658936565,48.0,39.666666666666664
Bluetooth Headphones,2019,31,3,46,101.99000000000001,-0.5680647467311556,-0.8229838658936565,35.0,40.0
Phone accessories,2019,31,3,112,3.3932051282051283,-0.5680647467311556,-0.8229838658936565,118.0,127.33333333333333
Phone cables,2019,31,3,115,12.943271028037383,-0.5680647467311556,-0.8229838658936565,154.0,151.66666666666666
Refrigerators,2019,31,3,24,1291.6608333333334,-0.5680647467311556,-0.8229838658936565,12.0,15.666666666666666
Smartwatches,2019,31,3,43,149.99571428571429,-0.5680647467311556,-0.8229838658936565,34.0,48.0
Washing machines,2019,31,3,39,354.0974358974359,-0.5680647467311556,-0.8229838658936565,36.0,42.0
Air conditioners,2019,31,4,29,655.1724137931035,-0.5680647467311556,-0.8229838658936565,28.0,34.666666666666664
Bluetooth Headphones,2019,31,4,46,102.81608695652174,-0.5680647467311556,-0.8229838658936565,46.0,38.333333333333336
Phone accessories,2019,31,4,120,3.4,-0.5680647467311556,-0.8229838658936565,112.0,118.33333333333333
Phone cables,2019,31,4,131,13.350330578512395,-0.5680647467311556,-0.8229838658936565,115.0,132.66666666666666
Refrigerators,2019,31,4,17,1370.5835294117646,-0.5680647467311556,-0.8229838658936565,24.0,17.666666666666668
Smartwatches,2019,31,4,49,149.99659574468086,-0.5680647467311556,-0.8229838658936565,43.0,42.666666666666664
Washing machines,2019,31,4,38,371.57184210526316,-0.5680647467311556,-0.8229838658936565,39.0,38.333333333333336
Air conditioners,2019,31,29,33,639.3939393939394,-0.5680647467311556,-0.8229838658936565,29.0,35.0
Bluetooth Headphones,2019,31,29,52,101.82673469387754,-0.5680647467311556,-0.8229838658936565,46.0,42.333333333333336
Phone accessories,2019,31,29,152,3.3385000000000002,-0.5680647467311556,-0.8229838658936565,120.0,116.66666666666667
Phone cables,2019,31,29,142,12.951259842519685,-0.5680647467311556,-0.8229838658936565,131.0,133.33333333333334
Refrigerators,2019,31,29,19,1442.1015789473684,-0.5680647467311556,-0.8229838658936565,17.0,17.666666666666668
Smartwatches,2019,31,29,54,149.99641509433962,-0.5680647467311556,-0.8229838658936565,49.0,42.0
Washing machines,2019,31,29,37,367.02135135135137,-0.5680647467311556,-0.8229838658936565,38.0,37.666666666666664
Air conditioners,2019,31,30,36,658.3333333333334,-0.5680647467311556,-0.8229838658936565,33.0,30.0
Bluetooth Headphones,2019,31,30,31,103.86096774193548,-0.5680647467311556,-0.8229838658936565,52.0,48.0
Phone accessories,2019,31,30,157,3.3575675675675676,-0.5680647467311556,-0.8229838658936565,152.0,128.0
Phone cables,2019,31,30,166,13.023333333333333,-0.5680647467311556,-0.8229838658936565,142.0,129.33333333333334
Refrigerators,2019,31,30,27,1337.0318518518518,-0.5680647467311556,-0.8229838658936565,19.0,20.0
Smartwatches,2019,31,30,53,149.99698113207546,-0.5680647467311556,-0.8229838658936565,54.0,48.666666666666664
Washing machines,2019,31,30,38,363.94105263157894,-0.5680647467311556,-0.8229838658936565,37.0,38.0
Air conditioners,2019,31,31,31,648.3870967741935,-0.5680647467311556,-0.8229838658936565,36.0,32.666666666666664
Bluetooth Headphones,2019,31,31,45,101.99000000000001,-0.5680647467311556,-0.8229838658936565,31.0,43.0
Phone accessories,2019,31,31,162,3.3661061946902655,-0.5680647467311556,-0.8229838658936565,157.0,143.0
Phone cables,2019,31,31,168,13.221082802547771,-0.5680647467311556,-0.8229838658936565,166.0,146.33333333333334
Refrigerators,2019,31,31,26,1349.9950000000001,-0.5680647467311556,-0.8229838658936565,27.0,21.0
Smartwatches,2019,31,31,54,149.99740740740742,-0.5680647467311556,-0.8229838658936565,53.0,52.0
Washing machines,2019,31,31,54,364.9924074074074,-0.5680647467311556,-0.8229838658936565,38.0,37.666666666666664
Air conditioners,2019,32,5,30,650.0,-0.663122658240795,-0.7485107481711013,31.0,33.333333333333336
Bluetooth Headphones,2019,32,5,35,101.99,-0.663122658240795,-0.7485107481711013,45.0,42.666666666666664
Phone accessories,2019,32,5,112,3.3942682926829266,-0.663122658240795,-0.7485107481711013,162.0,157.0
Phone cables,2019,32,5,127,12.943793103448275,-0.663122658240795,-0.7485107481711013,168.0,158.66666666666666
Refrigerators,2019,32,5,24,1320.8279166666666,-0.663122658240795,-0.7485107481711013,26.0,24.0
Smartwatches,2019,32,5,37,149.99594594594595,-0.663122658240795,-0.7485107481711013,54.0,53.666666666666664
Washing machines,2019,32,5,39,362.04435897435894,-0.663122658240795,-0.7485107481711013,54.0,43.0
Air conditioners,2019,32,6,39,656.4102564102565,-0.663122658240795,-0.7485107481711013,30.0,32.333333333333336
Bluetooth Headphones,2019,32,6,36,102.76777777777778,-0.663122658240795,-0.7485107481711013,35.0,37.0
Phone accessories,2019,32,6,132,3.401855670103093,-0.663122658240795,-0.7485107481711013,112.0,143.66666666666666
Phone cables,2019,32,6,130,13.061666666666666,-0.663122658240795,-0.7485107481711013,127.0,153.66666666666666
Refrigerators,2019,32,6,20,1384.9955,-0.663122658240795,-0.7485107481711013,24.0,25.666666666666668
Smartwatches,2019,32,6,43,149.99642857142857,-0.663122658240795,-0.7485107481711013,37.0,48.0
Washing machines,2019,32,6,49,363.055918367347,-0.663122658240795,-0.7485107481711013,39.0,43.666666666666664
Air conditioners,2019,32,7,25,648.0,-0.663122658240795,-0.7485107481711013,39.0,33.333333333333336
Bluetooth Headphones,2019,32,7,38,103.23324324324324,-0.663122658240795,-0.7485107481711013,36.0,38.666666666666664
Phone accessories,2019,32,7,144,3.3568421052631576,-0.663122658240795,-0.7485107481711013,132.0,135.33333333333334
Phone cables,2019,32,7,123,12.915,-0.663122658240795,-0.7485107481711013,130.0,141.66666666666666
Refrigerators,2019,32,7,24,1262.4937499999999,-0.663122658240795,-0.7485107481711013,20.0,23.333333333333332
Smartwatches,2019,32,7,44,149.99613636363637,-0.663122658240795,-0.7485107481711013,43.0,44.666666666666664
Washing machines,2019,32,7,42,366.6592857142857,-0.663122658240795,-0.7485107481711013,49.0,47.333333333333336
Air conditioners,2019,32,8,26,642.3076923076923,-0.663122658240795,-0.7485107481711013,25.0,31.333333333333332
Bluetooth Headphones,2019,32,8,43,103.24581395348837,-0.663122658240795,-0.7485107481711013,38.0,36.333333333333336
Phone accessories,2019,32,8,122,3.429655172413793,-0.663122658240795,-0.7485107481711013,144.0,129.33333333333334
Phone cables,2019,32,8,131,12.810333333333334,-0.663122658240795,-0.7485107481711013,123.0,126.66666666666667
Refrigerators,2019,32,8,13,1323.0715384615385,-0.663122658240795,-0.7485107481711013,24.0,22.666666666666668
Smartwatches,2019,32,8,45,149.9982222222222,-0.663122658240795,-0.7485107481711013,44.0,41.333333333333336
Washing machines,2019,32,8,48,369.36791666666664,-0.663122658240795,-0.7485107481711013,42.0,43.333333333333336
Air conditioners,2019,32,9,33,654.5454545454545,-0.663122658240795,-0.7485107481711013,26.0,30.0
Bluetooth Headphones,2019,32,9,28,101.41857142857143,-0.663122658240795,-0.7485107481711013,43.0,39.0
Phone accessories,2019,32,9,116,3.4307407407407404,-0.663122658240795,-0.7485107481711013,122.0,132.66666666666666
Phone cables,2019,32,9,130,13.04184,-0.663122658240795,-0.7485107481711013,131.0,128.0
Refrigerators,2019,32,9,20,1419.9959999999999,-0.663122658240795,-0.7485107481711013,13.0,19.0
Smartwatches,2019,32,9,54,149.99722222222223,-0.663122658240795,-0.7485107481711013,45.0,44.0
Washing machines,2019,32,9,43,359.52860465116277,-0.663122658240795,-0.7485107481711013,48.0,46.333333333333336
Air conditioners,2019,32,10,36,650.0,-0.663122658240795,-0.7485107481711013,33.0,28.0
Bluetooth Headphones,2019,32,10,41,101.27205128205128,-0.663122658240795,-0.7485107481711013,28.0,36.333333333333336
Phone accessories,2019,32,10,127,3.4364646464646462,-0.663122658240795,-0.7485107481711013,116.0,127.33333333333333
Phone cables,2019,32,10,132,13.058617886178862,-0.663122658240795,-0.7485107481711013,130.0,128.0
Refrigerators,2019,32,10,26,1511.5357692307693,-0.663122658240795,-0.7485107481711013,20.0,19.0
Smartwatches,2019,32,10,57,149.99666666666667,-0.663122658240795,-0.7485107481711013,54.0,47.666666666666664
Washing machines,2019,32,10,48,366.16340425531916,-0.663122658240795,-0.7485107481711013,43.0,44.333333333333336
Air conditioners,2019,32,11,26,650.0,-0.663122658240795,-0.7485107481711013,36.0,31.666666666666668
Bluetooth Headphones,2019,32,11,34,101.50515151515151,-0.663122658240795,-0.7485107481711013,41.0,37.333333333333336
Phone accessories,2019,32,11,128,3.4102247191011235,-0.663122658240795,-0.7485107481711013,127.0,121.66666666666667
Phone cables,2019,32,11,131,12.936324786324786,-0.663122658240795,-0.7485107481711013,132.0,131.0
Refrigerators,2019,32,11,27,1233.3266666666666,-0.663122658240795,-0.7485107481711013,26.0,19.666666666666668
Smartwatches,2019,32,11,46,149.9976086956522,-0.663122658240795,-0.7485107481711013,57.0,52.0
Washing machines,2019,32,11,42,360.23829268292684,-0.663122658240795,-0.7485107481711013,48.0,46.333333333333336
Air conditioners,2019,33,12,24,641.6666666666666,-0.7485107481711011,-0.6631226582407952,26.0,31.666666666666668
Bluetooth Headphones,2019,33,12,33,102.41424242424242,-0.7485107481711011,-0.6631226582407952,34.0,34.333333333333336
Phone accessories,2019,33,12,148,3.367777777777778,-0.7485107481711011,-0.6631226582407952,128.0,123.66666666666667
Phone cables,2019,33,12,122,13.06859649122807,-0.7485107481711011,-0.6631226582407952,131.0,131.0
Refrigerators,2019,33,12,21,1333.328095238095,-0.7485107481711011,-0.6631226582407952,27.0,24.333333333333332
Smartwatches,2019,33,12,52,149.99653846153845,-0.7485107481711011,-0.6631226582407952,46.0,52.333333333333336
Washing machines,2019,33,12,27,370.7351851851852,-0.7485107481711011,-0.6631226582407952,42.0,44.333333333333336
Air conditioners,2019,33,13,31,646.6666666666666,-0.7485107481711011,-0.6631226582407952,24.0,28.666666666666668
Bluetooth Headphones,2019,33,13,38,102.62157894736842,-0.7485107481711011,-0.6631226582407952,33.0,36.0
Phone accessories,2019,33,13,136,3.4406024096385543,-0.7485107481711011,-0.6631226582407952,148.0,134.33333333333334
Phone cables,2019,33,13,139,12.929842519685039,-0.7485107481711011,-0.6631226582407952,122.0,128.33333333333334
Refrigerators,2019,33,13,16,1131.241875,-0.7485107481711011,-0.6631226582407952,21.0,24.666666666666668
Smartwatches,2019,33,13,51,149.9972549019608,-0.7485107481711011,-0.6631226582407952,52.0,51.666666666666664
Washing machines,2019,33,13,50,362.394,-0.7485107481711011,-0.6631226582407952,27.0,39.0
Air conditioners,2019,33,14,35,654.2857142857143,-0.7485107481711011,-0.6631226582407952,31.0,27.0
Bluetooth Headphones,2019,33,14,44,102.13285714285715,-0.7485107481711011,-0.6631226582407952,38.0,35.0
Phone accessories,2019,33,14,144,3.4373684210526316,-0.7485107481711011,-0.6631226582407952,136.0,137.33333333333334
Phone cables,2019,33,14,130,12.862666666666666,-0.7485107481711011,-0.6631226582407952,139.0,130.66666666666666
Refrigerators,2019,33,14,21,1433.3295238095238,-0.7485107481711011,-0.6631226582407952,16.0,21.333333333333332
Smartwatches,2019,33,14,49,149.9961224489796,-0.7485107481711011,-0.6631226582407952,51.0,49.666666666666664
Washing machines,2019,33,14,45,376.8815555555556,-0.7485107481711011,-0.6631226582407952,50.0,39.666666666666664
Air conditioners,2019,33,15,25,656.0,-0.7485107481711011,-0.6631226582407952,35.0,30.0
Bluetooth Headphones,2019,33,15,28,100.7042857142857,-0.7485107481711011,-0.6631226582407952,44.0,38.333333333333336
Phone accessories,2019,33,15,116,3.4476923076923076,-0.7485107481711011,-0.6631226582407952,144.0,142.66666666666666
Phone cables,2019,33,15,146,12.940222222222221,-0.7485107481711011,-0.6631226582407952,130.0,130.33333333333334
Refrigerators,2019,33,15,23,1273.9069565217392,-0.7485107481711011,-0.6631226582407952,21.0,19.333333333333332
Smartwatches,2019,33,15,48,149.99826086956523,-0.7485107481711011,-0.6631226582407952,49.0,50.666666666666664
Washing machines,2019,33,15,43,367.6672093023256,-0.7485107481711011,-0.6631226582407952,45.0,40.666666666666664
Air conditioners,2019,33,16,29,631.0344827586207,-0.7485107481711011,-0.6631226582407952,25.0,30.333333333333332
Bluetooth Headphones,2019,33,16,36,102.21222222222222,-0.7485107481711011,-0.6631226582407952,28.0,36.666666666666664
Phone accessories,2019,33,16,130,3.4816666666666665,-0.7485107481711011,-0.6631226582407952,116.0,132.0
Phone cables,2019,33,16,160,13.16421052631579,-0.7485107481711011,-0.6631226582407952,146.0,138.33333333333334
Refrigerators,2019,33,16,18,1427.773888888889,-0.7485107481711011,-0.6631226582407952,23.0,20.0
Smartwatches,2019,33,16,48,149.99659574468086,-0.7485107481711011,-0.6631226582407952,48.0,49.333333333333336
Washing machines,2019,33,16,25,372.9120833333333,-0.7485107481711011,-0.6631226582407952,43.0,46.0
Air conditioners,2019,33,17,38,639.4736842105264,-0.7485107481711011,-0.6631226582407952,29.0,29.666666666666668
Bluetooth Headphones,2019,33,17,26,102.2976923076923,-0.7485107481711011,-0.6631226582407952,36.0,36.0
Phone accessories,2019,33,17,107,3.3805405405405407,-0.7485107481711011,-0.6631226582407952,130.0,130.0
Phone cables,2019,33,17,109,13.020095238095237,-0.7485107481711011,-0.6631226582407952,160.0,145.33333333333334
Refrigerators,2019,33,17,14,1349.9950000000001,-0.7485107481711011,-0.6631226582407952,18.0,20.666666666666668
Smartwatches,2019,33,17,48,149.99687500000002,-0.7485107481711011,-0.6631226582407952,48.0,48.333333333333336
Washing machines,2019,33,17,48,357.91083333333336,-0.7485107481711011,-0.6631226582407952,25.0,37.666666666666664
Air conditioners,2019,33,18,21,671.4285714285714,-0.7485107481711011,-0.6631226582407952,38.0,30.666666666666668
Bluetooth Headphones,2019,33,18,42,102.37095238095237,-0.7485107481711011,-0.6631226582407952,26.0,30.0
Phone accessories,2019,33,18,122,3.433888888888889,-0.7485107481711011,-0.6631226582407952,107.0,117.66666666666667
Phone cables,2019,33,18,120,13.108181818181817,-0.7485107481711011,-0.6631226582407952,109.0,138.33333333333334
Refrigerators,2019,33,18,11,1509.088181818182,-0.7485107481711011,-0.6631226582407952,14.0,18.333333333333332
Smartwatches,2019,33,18,50,149.996,-0.7485107481711011,-0.6631226582407952,48.0,48.0
Washing machines,2019,33,18,42,367.37428571428575,-0.7485107481711011,-0.6631226582407952,48.0,38.666666666666664
Air conditioners,2019,34,19,23,634.7826086956521,-0.8229838658936564,-0.5680647467311559,21.0,29.333333333333332
Bluetooth Headphones,2019,34,19,37,102.15216216216216,-0.8229838658936564,-0.5680647467311559,42.0,34.666666666666664
Phone accessories,2019,34,19,158,3.426697247706422,-0.8229838658936564,-0.5680647467311559,122.0,119.66666666666667
Phone cables,2019,34,19,134,13.06584,-0.8229838658936564,-0.5680647467311559,120.0,129.66666666666666
Refrigerators,2019,34,19,21,1333.328095238095,-0.8229838658936564,-0.5680647467311559,11.0,14.333333333333334
Smartwatches,2019,34,19,54,149.99653846153845,-0.8229838658936564,-0.5680647467311559,50.0,48.666666666666664
Washing machines,2019,34,19,46,364.1241304347826,-0.8229838658936564,-0.5680647467311559,42.0,38.333333333333336
Air conditioners,2019,34,20,35,640.0,-0.8229838658936564,-0.5680647467311559,23.0,27.333333333333332
Bluetooth Headphones,2019,34,20,35,103.13285714285713,-0.8229838658936564,-0.5680647467311559,37.0,35.0
Phone accessories,2019,34,20,114,3.460945945945946,-0.8229838658936564,-0.5680647467311559,158.0,129.0
Phone cables,2019,34,20,137,12.9940625,-0.8229838658936564,-0.5680647467311559,134.0,121.0
Refrigerators,2019,34,20,19,1442.1015789473684,-0.8229838658936564,-0.5680647467311559,21.0,15.333333333333334
Smartwatches,2019,34,20,35,149.9979411764706,-0.8229838658936564,-0.5680647467311559,54.0,50.666666666666664
Washing machines,2019,34,20,39,362.5576923076923,-0.8229838658936564,-0.5680647467311559,46.0,45.333333333333336
Air conditioners,2019,34,21,20,665.0,-0.8229838658936564,-0.5680647467311559,35.0,26.333333333333332
Bluetooth Headphones,2019,34,21,32,101.92548387096774,-0.8229838658936564,-0.5680647467311559,35.0,38.0
Phone accessories,2019,34,21,115,3.4043750000000004,-0.8229838658936564,-0.5680647467311559,114.0,131.33333333333334
Phone cables,2019,34,21,135,13.145968992248061,-0.8229838658936564,-0.5680647467311559,137.0,130.33333333333334
Refrigerators,2019,34,21,9,1388.8844444444444,-0.8229838658936564,-0.5680647467311559,19.0,17.0
Smartwatches,2019,34,21,47,149.99510638297872,-0.8229838658936564,-0.5680647467311559,35.0,46.333333333333336
Washing machines,2019,34,21,41,360.48292682926825,-0.8229838658936564,-0.5680647467311559,39.0,42.333333333333336
Air conditioners,2019,34,22,27,669.2307692307693,-0.8229838658936564,-0.5680647467311559,20.0,26.0
Bluetooth Headphones,2019,34,22,30,102.05896551724138,-0.8229838658936564,-0.5680647467311559,32.0,34.666666666666664
Phone accessories,2019,34,22,135,3.415,-0.8229838658936564,-0.5680647467311559,115.0,129.0
Phone cables,2019,34,22,135,12.831249999999999,-0.8229838658936564,-0.5680647467311559,135.0,135.33333333333334
Refrigerators,2019,34,22,23,1456.5182608695652,-0.8229838658936564,-0.5680647467311559,9.0,16.333333333333332
Smartwatches,2019,34,22,56,149.99666666666667,-0.8229838658936564,-0.5680647467311559,47.0,45.333333333333336
Washing machines,2019,34,22,46,354.7769565217391,-0.8229838658936564,-0.5680647467311559,41.0,42.0
Air conditioners,2019,34,23,26,657.6923076923077,-0.8229838658936564,-0.5680647467311559,27.0,27.333333333333332
Bluetooth Headphones,2019,34,23,39,102.04128205128204,-0.8229838658936564,-0.5680647467311559,30.0,32.333333333333336
Phone accessories,2019,34,23,110,3.4150000000000005,-0.8229838658936564,-0.5680647467311559,135.0,121.33333333333333
Phone cables,2019,34,23,147,13.080149253731344,-0.8229838658936564,-0.5680647467311559,135.0,135.66666666666666
Refrigerators,2019,34,23,11,1445.450909090909,-0.8229838658936564,-0.5680647467311559,23.0,17.0
Smartwatches,2019,34,23,53,149.99576923076924,-0.8229838658936564,-0.5680647467311559,56.0,46.0
Washing machines,2019,34,23,36,369.71472222222224,-0.8229838658936564,-0.5680647467311559,46.0,42.0
Air conditioners,2019,34,24,24,645.8333333333334,-0.8229838658936564,-0.5680647467311559,26.0,24.333333333333332
Bluetooth Headphones,2019,34,24,32,101.24,-0.8229838658936564,-0.5680647467311559,39.0,33.666666666666664
Phone accessories,2019,34,24,122,3.4644186046511627,-0.8229838658936564,-0.5680647467311559,110.0,120.0
Phone cables,2019,34,24,139,12.875151515151515,-0.8229838658936564,-0.5680647467311559,147.0,139.0
Refrigerators,2019,34,24,16,1306.244375,-0.8229838658936564,-0.5680647467311559,11.0,14.333333333333334
Smartwatches,2019,34,24,53,149.99692307692308,-0.8229838658936564,-0.5680647467311559,53.0,52.0
Washing machines,2019,34,24,44,378.6293181818182,-0.8229838658936564,-0.5680647467311559,36.0,41.0
Air conditioners,2019,34,25,31,648.3870967741935,-0.8229838658936564,-0.5680647467311559,24.0,25.666666666666668
Bluetooth Headphones,2019,34,25,44,102.31558139534883,-0.8229838658936564,-0.5680647467311559,32.0,33.666666666666664
Phone accessories,2019,34,25,113,3.4546666666666668,-0.8229838658936564,-0.5680647467311559,122.0,122.33333333333333
Phone cables,2019,34,25,131,12.757741935483871,-0.8229838658936564,-0.5680647467311559,139.0,140.33333333333334
Refrigerators,2019,34,25,20,1419.9959999999999,-0.8229838658936564,-0.5680647467311559,16.0,16.666666666666668
Smartwatches,2019,34,25,47,149.9972340425532,-0.8229838658936564,-0.5680647467311559,53.0,54.0
Washing machines,2019,34,25,50,369.9932,-0.8229838658936564,-0.5680647467311559,44.0,42.0
Air conditioners,2019,35,1,19,652.6315789473684,-0.8854560256532096,-0.4647231720437691,31.0,27.0
Bluetooth Headphones,2019,35,1,37,101.65666666666667,-0.8854560256532096,-0.4647231720437691,44.0,38.333333333333336
Phone accessories,2019,35,1,127,3.3905747126436783,-0.8854560256532096,-0.4647231720437691,113.0,115.0
Phone cables,2019,35,1,137,12.82392,-0.8854560256532096,-0.4647231720437691,131.0,139.0
Refrigerators,2019,35,1,21,1299.9942857142858,-0.8854560256532096,-0.4647231720437691,20.0,15.666666666666666
Smartwatches,2019,35,1,59,149.99542372881356,-0.8854560256532096,-0.4647231720437691,47.0,51.0
Washing machines,2019,35,1,37,362.427027027027,-0.8854560256532096,-0.4647231720437691,50.0,43.333333333333336
Air conditioners,2019,35,26,21,652.3809523809524,-0.8854560256532096,-0.4647231720437691,19.0,24.666666666666668
Bluetooth Headphones,2019,35,26,32,103.115,-0.8854560256532096,-0.4647231720437691,37.0,37.666666666666664
Phone accessories,2019,35,26,112,3.3893975903614457,-0.8854560256532096,-0.4647231720437691,127.0,120.66666666666667
Phone cables,2019,35,26,165,12.989452054794521,-0.8854560256532096,-0.4647231720437691,137.0,135.66666666666666
Refrigerators,2019,35,26,23,1426.083043478261,-0.8854560256532096,-0.4647231720437691,21.0,19.0
Smartwatches,2019,35,26,45,149.99755555555555,-0.8854560256532096,-0.4647231720437691,59.0,53.0
Washing machines,2019,35,26,40,359.2435,-0.8854560256532096,-0.4647231720437691,37.0,43.666666666666664
Air conditioners,2019,35,27,29,637.9310344827586,-0.8854560256532096,-0.4647231720437691,21.0,23.666666666666668
Bluetooth Headphones,2019,35,27,44,101.58090909090907,-0.8854560256532096,-0.4647231720437691,32.0,37.666666666666664
Phone accessories,2019,35,27,115,3.4681249999999997,-0.8854560256532096,-0.4647231720437691,112.0,117.33333333333333
Phone cables,2019,35,27,132,13.074516129032258,-0.8854560256532096,-0.4647231720437691,165.0,144.33333333333334
Refrigerators,2019,35,27,14,1399.9957142857143,-0.8854560256532096,-0.4647231720437691,23.0,21.333333333333332
Smartwatches,2019,35,27,59,149.99694915254236,-0.8854560256532096,-0.4647231720437691,45.0,50.333333333333336
Washing machines,2019,35,27,42,359.0421428571429,-0.8854560256532096,-0.4647231720437691,40.0,42.333333333333336
Air conditioners,2019,35,28,32,640.625,-0.8854560256532096,-0.4647231720437691,29.0,23.0
Bluetooth Headphones,2019,35,28,40,102.35842105263157,-0.8854560256532096,-0.4647231720437691,44.0,37.666666666666664
Phone accessories,2019,35,28,132,3.368804347826087,-0.8854560256532096,-0.4647231720437691,115.0,118.0
Phone cables,2019,35,28,142,12.861496062992124,-0.8854560256532096,-0.4647231720437691,132.0,144.66666666666666
Refrigerators,2019,35,28,19,1257.8884210526317,-0.8854560256532096,-0.4647231720437691,14.0,19.333333333333332
Smartwatches,2019,35,28,53,149.99576923076924,-0.8854560256532096,-0.4647231720437691,59.0,54.333333333333336
Washing machines,2019,35,28,45,368.17545454545456,-0.8854560256532096,-0.4647231720437691,42.0,39.666666666666664
Air conditioners,2019,35,29,21,661.9047619047619,-0.8854560256532096,-0.4647231720437691,32.0,27.333333333333332
Bluetooth Headphones,2019,35,29,39,102.55410256410255,-0.8854560256532096,-0.4647231720437691,40.0,38.666666666666664
Phone accessories,2019,35,29,132,3.3969148936170215,-0.8854560256532096,-0.4647231720437691,132.0,119.66666666666667
Phone cables,2019,35,29,145,13.114210526315789,-0.8854560256532096,-0.4647231720437691,142.0,146.33333333333334
Refrigerators,2019,35,29,19,1552.6294736842106,-0.8854560256532096,-0.4647231720437691,19.0,18.666666666666668
Smartwatches,2019,35,29,52,149.9972549019608,-0.8854560256532096,-0.4647231720437691,53.0,52.333333333333336
Washing machines,2019,35,29,43,365.57511627906973,-0.8854560256532096,-0.4647231720437691,45.0,42.333333333333336
Air conditioners,2019,35,30,29,651.7241379310345,-0.8854560256532096,-0.4647231720437691,21.0,27.333333333333332
Bluetooth Headphones,2019,35,30,34,101.75470588235294,-0.8854560256532096,-0.4647231720437691,39.0,41.0
Phone accessories,2019,35,30,103,3.4546666666666668,-0.8854560256532096,-0.4647231720437691,132.0,126.33333333333333
Phone cables,2019,35,30,133,13.193606557377048,-0.8854560256532096,-0.4647231720437691,145.0,139.66666666666666
Refrigerators,2019,35,30,16,1306.244375,-0.8854560256532096,-0.4647231720437691,19.0,17.333333333333332
Smartwatches,2019,35,30,43,149.99651162790698,-0.8854560256532096,-0.4647231720437691,52.0,54.666666666666664
Washing machines,2019,35,30,37,377.28999999999996,-0.8854560256532096,-0.4647231720437691,43.0,43.333333333333336
Air conditioners,2019,35,31,25,644.0,-0.8854560256532096,-0.4647231720437691,29.0,27.333333333333332
Bluetooth Headphones,2019,35,31,41,101.69731707317074,-0.8854560256532096,-0.4647231720437691,34.0,37.666666666666664
Phone accessories,2019,35,31,129,3.3926315789473684,-0.8854560256532096,-0.4647231720437691,103.0,122.33333333333333
Phone cables,2019,35,31,162,13.169328859060403,-0.8854560256532096,-0.4647231720437691,133.0,140.0
Refrigerators,2019,35,31,15,1326.6613333333332,-0.8854560256532096,-0.4647231720437691,16.0,18.0
Smartwatches,2019,35,31,54,149.99685185185186,-0.8854560256532096,-0.4647231720437691,43.0,49.333333333333336
Washing machines,2019,35,31,41,359.50560975609756,-0.8854560256532096,-0.4647231720437691,37.0,41.666666666666664
Air conditioners,2019,36,2,30,636.6666666666666,-0.9350162426854147,-0.3546048870425359,25.0,25.0
Bluetooth Headphones,2019,36,2,25,103.19,-0.9350162426854147,-0.3546048870425359,41.0,38.0
Phone accessories,2019,36,2,140,3.427878787878788,-0.9350162426854147,-0.3546048870425359,129.0,121.33333333333333
Phone cables,2019,36,2,157,12.920612244897958,-0.9350162426854147,-0.3546048870425359,162.0,146.66666666666666
Refrigerators,2019,36,2,21,1333.328095238095,-0.9350162426854147,-0.3546048870425359,15.0,16.666666666666668
Smartwatches,2019,36,2,41,149.99731707317073,-0.9350162426854147,-0.3546048870425359,54.0,49.666666666666664
Washing machines,2019,36,2,38,366.8357894736842,-0.9350162426854147,-0.3546048870425359,41.0,40.333333333333336
Air conditioners,2019,36,3,23,634.7826086956521,-0.9350162426854147,-0.3546048870425359,30.0,28.0
Bluetooth Headphones,2019,36,3,33,103.92939393939393,-0.9350162426854147,-0.3546048870425359,25.0,33.333333333333336
Phone accessories,2019,36,3,109,3.426805555555555,-0.9350162426854147,-0.3546048870425359,140.0,124.0
Phone cables,2019,36,3,163,13.224829931972788,-0.9350162426854147,-0.3546048870425359,157.0,150.66666666666666
Refrigerators,2019,36,3,14,1399.9957142857143,-0.9350162426854147,-0.3546048870425359,21.0,17.333333333333332
Smartwatches,2019,36,3,53,149.9967924528302,-0.9350162426854147,-0.3546048870425359,41.0,46.0
Washing machines,2019,36,3,38,367.3615789473684,-0.9350162426854147,-0.3546048870425359,38.0,38.666666666666664
Air conditioners,2019,36,4,26,638.4615384615385,-0.9350162426854147,-0.3546048870425359,23.0,26.0
Bluetooth Headphones,2019,36,4,42,102.60904761904762,-0.9350162426854147,-0.3546048870425359,33.0,33.0
Phone accessories,2019,36,4,138,3.415,-0.9350162426854147,-0.3546048870425359,109.0,126.0
Phone cables,2019,36,4,127,12.97886956521739,-0.9350162426854147,-0.3546048870425359,163.0,160.66666666666666
Refrigerators,2019,36,4,18,1466.6633333333332,-0.9350162426854147,-0.3546048870425359,14.0,16.666666666666668
Smartwatches,2019,36,4,55,149.99654545454544,-0.9350162426854147,-0.3546048870425359,53.0,49.333333333333336
Washing machines,2019,36,4,38,371.0452631578948,-0.9350162426854147,-0.3546048870425359,38.0,39.0
Air conditioners,2019,36,5,24,666.6666666666666,-0.9350162426854147,-0.3546048870425359,26.0,26.333333333333332
Bluetooth Headphones,2019,36,5,35,102.34294117647059,-0.9350162426854147,-0.3546048870425359,42.0,33.333333333333336
Phone accessories,2019,36,5,101,3.4258974358974363,-0.9350162426854147,-0.3546048870425359,138.0,129.0
Phone cables,2019,36,5,153,12.777596899224806,-0.9350162426854147,-0.3546048870425359,127.0,149.0
Refrigerators,2019,36,5,19,1405.2589473684209,-0.9350162426854147,-0.3546048870425359,18.0,17.666666666666668
Smartwatches,2019,36,5,34,149.99764705882353,-0.9350162426854147,-0.3546048870425359,55.0,49.666666666666664
Washing machines,2019,36,5,40,353.99425,-0.9350162426854147,-0.3546048870425359,38.0,38.0
Air conditioners,2019,36,6,24,645.8333333333334,-0.9350162426854147,-0.3546048870425359,24.0,24.333333333333332
Bluetooth Headphones,2019,36,6,44,101.85046511627907,-0.9350162426854147,-0.3546048870425359,35.0,36.666666666666664
Phone accessories,2019,36,6,142,3.427878787878788,-0.9350162426854147,-0.3546048870425359,101.0,116.0
Phone cables,2019,36,6,121,13.138717948717948,-0.9350162426854147,-0.3546048870425359,153.0,147.66666666666666
Refrigerators,2019,36,6,20,1454.9965,-0.9350162426854147,-0.3546048870425359,19.0,17.0
Smartwatches,2019,36,6,51,149.99686274509804,-0.9350162426854147,-0.3546048870425359,34.0,47.333333333333336
Washing machines,2019,36,6,31,364.18806451612903,-0.9350162426854147,-0.3546048870425359,40.0,38.666666666666664
Air conditioners,2019,36,7,31,645.1612903225806,-0.9350162426854147,-0.3546048870425359,24.0,24.666666666666668
Bluetooth Headphones,2019,36,7,34,102.93117647058823,-0.9350162426854147,-0.3546048870425359,44.0,40.333333333333336
Phone accessories,2019,36,7,106,3.3992592592592596,-0.9350162426854147,-0.3546048870425359,142.0,127.0
Phone cables,2019,36,7,141,12.88291338582677,-0.9350162426854147,-0.3546048870425359,121.0,133.66666666666666
Refrigerators,2019,36,7,18,1349.995,-0.9350162426854147,-0.3546048870425359,20.0,19.0
Smartwatches,2019,36,7,48,149.995625,-0.9350162426854147,-0.3546048870425359,51.0,46.666666666666664
Washing machines,2019,36,7,37,366.3830555555556,-0.9350162426854147,-0.3546048870425359,31.0,36.333333333333336
Air conditioners,2019,36,8,30,636.6666666666666,-0.9350162426854147,-0.3546048870425359,31.0,26.333333333333332
Bluetooth Headphones,2019,36,8,32,103.4275,-0.9350162426854147,-0.3546048870425359,34.0,37.666666666666664
Phone accessories,2019,36,8,106,3.448552631578947,-0.9350162426854147,-0.3546048870425359,106.0,116.33333333333333
Phone cables,2019,36,8,149,12.941999999999998,-0.9350162426854147,-0.3546048870425359,141.0,138.33333333333334
Refrigerators,2019,36,8,13,1323.0715384615385,-0.9350162426854147,-0.3546048870425359,18.0,19.0
Smartwatches,2019,36,8,59,149.9971186440678,-0.9350162426854147,-0.3546048870425359,48.0,44.333333333333336
Washing machines,2019,36,8,36,370.8263888888889,-0.9350162426854147,-0.3546048870425359,37.0,36.0
Air conditioners,2019,37,9,33,648.4848484848485,-0.970941817426052,-0.23931566428755774,30.0,28.333333333333332
Bluetooth Headphones,2019,37,9,36,101.37888888888888,-0.970941817426052,-0.23931566428755774,32.0,36.666666666666664
Phone accessories,2019,37,9,126,3.410618556701031,-0.970941817426052,-0.23931566428755774,106.0,118.0
Phone cables,2019,37,9,151,13.005072463768116,-0.970941817426052,-0.23931566428755774,149.0,137.0
Refrigerators,2019,37,9,22,1509.088181818182,-0.970941817426052,-0.23931566428755774,13.0,17.0
Smartwatches,2019,37,9,38,149.99657894736842,-0.970941817426052,-0.23931566428755774,59.0,52.666666666666664
Washing machines,2019,37,9,36,364.7161111111111,-0.970941817426052,-0.23931566428755774,36.0,34.666666666666664
Air conditioners,2019,37,10,21,638.0952380952381,-0.970941817426052,-0.23931566428755774,33.0,31.333333333333332
Bluetooth Headphones,2019,37,10,38,101.56894736842105,-0.970941817426052,-0.23931566428755774,36.0,34.0
Phone accessories,2019,37,10,131,3.3916483516483513,-0.970941817426052,-0.23931566428755774,126.0,112.66666666666667
Phone cables,2019,37,10,128,12.937008547008546,-0.970941817426052,-0.23931566428755774,151.0,147.0
Refrigerators,2019,37,10,23,1304.3421739130433,-0.970941817426052,-0.23931566428755774,22.0,17.666666666666668
Smartwatches,2019,37,10,59,149.99610169491527,-0.970941817426052,-0.23931566428755774,38.0,48.333333333333336
Washing machines,2019,37,10,43,373.48162790697677,-0.970941817426052,-0.23931566428755774,36.0,36.333333333333336
Air conditioners,2019,37,11,35,651.4285714285714,-0.970941817426052,-0.23931566428755774,21.0,28.0
Bluetooth Headphones,2019,37,11,38,103.93736842105262,-0.970941817426052,-0.23931566428755774,38.0,35.333333333333336
Phone accessories,2019,37,11,122,3.415,-0.970941817426052,-0.23931566428755774,131.0,121.0
Phone cables,2019,37,11,158,13.091643835616438,-0.970941817426052,-0.23931566428755774,128.0,142.66666666666666
Refrigerators,2019,37,11,20,1384.9955,-0.970941817426052,-0.23931566428755774,23.0,19.333333333333332
Smartwatches,2019,37,11,43,149.99761904761903,-0.970941817426052,-0.23931566428755774,59.0,52.0
Washing machines,2019,37,11,40,361.2445,-0.970941817426052,-0.23931566428755774,43.0,38.333333333333336
Air conditioners,2019,37,12,30,655.1724137931035,-0.970941817426052,-0.23931566428755774,35.0,29.666666666666668
Bluetooth Headphones,2019,37,12,40,101.24,-0.970941817426052,-0.23931566428755774,38.0,37.333333333333336
Phone accessories,2019,37,12,128,3.4575000000000005,-0.970941817426052,-0.23931566428755774,122.0,126.33333333333333
Phone cables,2019,37,12,132,12.952711864406778,-0.970941817426052,-0.23931566428755774,158.0,145.66666666666666
Refrigerators,2019,37,12,18,1388.8844444444444,-0.970941817426052,-0.23931566428755774,20.0,21.666666666666668
Smartwatches,2019,37,12,63,149.99650793650795,-0.970941817426052,-0.23931566428755774,43.0,46.666666666666664
Washing machines,2019,37,12,39,369.99256410256413,-0.970941817426052,-0.23931566428755774,40.0,39.666666666666664
Air conditioners,2019,37,13,31,658.0645161290323,-0.970941817426052,-0.23931566428755774,30.0,28.666666666666668
Bluetooth Headphones,2019,37,13,40,103.23999999999998,-0.970941817426052,-0.23931566428755774,40.0,38.666666666666664
Phone accessories,2019,37,13,106,3.3887654320987655,-0.970941817426052,-0.23931566428755774,128.0,127.0
Phone cables,2019,37,13,141,12.940909090909091,-0.970941817426052,-0.23931566428755774,132.0,139.33333333333334
Refrigerators,2019,37,13,19,1552.6294736842106,-0.970941817426052,-0.23931566428755774,18.0,20.333333333333332
Smartwatches,2019,37,13,52,149.99673076923077,-0.970941817426052,-0.23931566428755774,63.0,55.0
Washing machines,2019,37,13,38,373.9402631578947,-0.970941817426052,-0.23931566428755774,39.0,40.666666666666664
Air conditioners,2019,37,14,25,644.0,-0.970941817426052,-0.23931566428755774,31.0,32.0
Bluetooth Headphones,2019,37,14,39,102.04128205128204,-0.970941817426052,-0.23931566428755774,40.0,39.333333333333336
Phone accessories,2019,37,14,135,3.3441666666666667,-0.970941817426052,-0.23931566428755774,106.0,118.66666666666667
Phone cables,2019,37,14,143,12.86939393939394,-0.970941817426052,-0.23931566428755774,141.0,143.66666666666666
Refrigerators,2019,37,14,24,1408.3291666666667,-0.970941817426052,-0.23931566428755774,19.0,19.0
Smartwatches,2019,37,14,36,149.99777777777777,-0.970941817426052,-0.23931566428755774,52.0,52.666666666666664
Washing machines,2019,37,14,50,356.5942,-0.970941817426052,-0.23931566428755774,38.0,39.0
Air conditioners,2019,37,15,32,646.875,-0.970941817426052,-0.23931566428755774,25.0,28.666666666666668
Bluetooth Headphones,2019,37,15,45,102.43444444444445,-0.970941817426052,-0.23931566428755774,39.0,39.666666666666664
Phone accessories,2019,37,15,109,3.447692307692308,-0.970941817426052,-0.23931566428755774,135.0,123.0
Phone cables,2019,37,15,155,12.982624113475177,-0.970941817426052,-0.23931566428755774,143.0,138.66666666666666
Refrigerators,2019,37,15,15,1279.994,-0.970941817426052,-0.23931566428755774,24.0,20.333333333333332
Smartwatches,2019,37,15,57,149.9963636363636,-0.970941817426052,-0.23931566428755774,36.0,50.333333333333336
Washing machines,2019,37,15,49,366.6602083333333,-0.970941817426052,-0.23931566428755774,50.0,42.333333333333336
Air conditioners,2019,38,16,28,650.0,-0.992708874098054,-0.12053668025532357,32.0,29.333333333333332
Bluetooth Headphones,2019,38,16,27,102.58259259259259,-0.992708874098054,-0.12053668025532357,45.0,41.333333333333336
Phone accessories,2019,38,16,128,3.4063265306122448,-0.992708874098054,-0.12053668025532357,109.0,116.66666666666667
Phone cables,2019,38,16,141,12.881968503937008,-0.992708874098054,-0.12053668025532357,155.0,146.33333333333334
Refrigerators,2019,38,16,11,1318.1763636363637,-0.992708874098054,-0.12053668025532357,15.0,19.333333333333332
Smartwatches,2019,38,16,49,149.99645833333332,-0.992708874098054,-0.12053668025532357,57.0,48.333333333333336
Washing machines,2019,38,16,35,367.70685714285713,-0.992708874098054,-0.12053668025532357,49.0,45.666666666666664
Air conditioners,2019,38,17,27,640.7407407407408,-0.992708874098054,-0.12053668025532357,28.0,28.333333333333332
Bluetooth Headphones,2019,38,17,44,102.7806976744186,-0.992708874098054,-0.12053668025532357,27.0,37.0
Phone accessories,2019,38,17,131,3.373870967741935,-0.992708874098054,-0.12053668025532357,128.0,124.0
Phone cables,2019,38,17,164,13.096216216216217,-0.992708874098054,-0.12053668025532357,141.0,146.33333333333334
Refrigerators,2019,38,17,14,1349.9950000000001,-0.992708874098054,-0.12053668025532357,11.0,16.666666666666668
Smartwatches,2019,38,17,37,149.99648648648648,-0.992708874098054,-0.12053668025532357,49.0,47.333333333333336
Washing machines,2019,38,17,37,368.8830555555556,-0.992708874098054,-0.12053668025532357,35.0,44.666666666666664
Air conditioners,2019,38,18,36,652.7777777777778,-0.992708874098054,-0.12053668025532357,27.0,29.0
Bluetooth Headphones,2019,38,18,32,103.4275,-0.992708874098054,-0.12053668025532357,44.0,38.666666666666664
Phone accessories,2019,38,18,131,3.405760869565217,-0.992708874098054,-0.12053668025532357,131.0,122.66666666666667
Phone cables,2019,38,18,136,12.996229508196722,-0.992708874098054,-0.12053668025532357,164.0,153.33333333333334
Refrigerators,2019,38,18,19,1331.5736842105264,-0.992708874098054,-0.12053668025532357,14.0,13.333333333333334
Smartwatches,2019,38,18,41,149.99658536585366,-0.992708874098054,-0.12053668025532357,37.0,47.666666666666664
Washing machines,2019,38,18,45,357.54955555555557,-0.992708874098054,-0.12053668025532357,37.0,40.333333333333336
Air conditioners,2019,38,19,28,653.5714285714286,-0.992708874098054,-0.12053668025532357,36.0,30.333333333333332
Bluetooth Headphones,2019,38,19,37,102.69270270270269,-0.992708874098054,-0.12053668025532357,32.0,34.333333333333336
Phone accessories,2019,38,19,151,3.4021212121212123,-0.992708874098054,-0.12053668025532357,131.0,130.0
Phone cables,2019,38,19,161,12.968684210526316,-0.992708874098054,-0.12053668025532357,136.0,147.0
Refrigerators,2019,38,19,13,1538.4592307692308,-0.992708874098054,-0.12053668025532357,19.0,14.666666666666666
Smartwatches,2019,38,19,40,149.9976923076923,-0.992708874098054,-0.12053668025532357,41.0,42.333333333333336
Washing machines,2019,38,19,38,356.75135135135133,-0.992708874098054,-0.12053668025532357,45.0,39.0
Air conditioners,2019,38,20,31,664.516129032258,-0.992708874098054,-0.12053668025532357,28.0,30.333333333333332
Bluetooth Headphones,2019,38,20,39,102.81051282051281,-0.992708874098054,-0.12053668025532357,37.0,37.666666666666664
Phone accessories,2019,38,20,118,3.52,-0.992708874098054,-0.12053668025532357,151.0,137.66666666666666
Phone cables,2019,38,20,148,13.086470588235294,-0.992708874098054,-0.12053668025532357,161.0,153.66666666666666
Refrigerators,2019,38,20,12,1291.6608333333334,-0.992708874098054,-0.12053668025532357,13.0,15.333333333333334
Smartwatches,2019,38,20,50,149.9968,-0.992708874098054,-0.12053668025532357,40.0,39.333333333333336
Washing machines,2019,38,20,36,362.7713888888889,-0.992708874098054,-0.12053668025532357,38.0,40.0
Air conditioners,2019,38,21,14,657.1428571428571,-0.992708874098054,-0.12053668025532357,31.0,31.666666666666668
Bluetooth Headphones,2019,38,21,32,102.8025,-0.992708874098054,-0.12053668025532357,39.0,36.0
Phone accessories,2019,38,21,137,3.371034482758621,-0.992708874098054,-0.12053668025532357,118.0,133.33333333333334
Phone cables,2019,38,21,150,13.135563909774437,-0.992708874098054,-0.12053668025532357,148.0,148.33333333333334
Refrigerators,2019,38,21,20,1279.9940000000001,-0.992708874098054,-0.12053668025532357,12.0,14.666666666666666
Smartwatches,2019,38,21,38,149.9971052631579,-0.992708874098054,-0.12053668025532357,50.0,43.666666666666664
Washing machines,2019,38,21,46,362.385,-0.992708874098054,-0.12053668025532357,36.0,39.666666666666664
Air conditioners,2019,38,22,22,650.0,-0.992708874098054,-0.12053668025532357,14.0,24.333333333333332
Bluetooth Headphones,2019,38,22,37,101.88189189189188,-0.992708874098054,-0.12053668025532357,32.0,36.0
Phone accessories,2019,38,22,119,3.4307407407407404,-0.992708874098054,-0.12053668025532357,137.0,135.33333333333334
Phone cables,2019,38,22,140,12.892635658914728,-0.992708874098054,-0.12053668025532357,150.0,153.0
Refrigerators,2019,38,22,6,1116.6583333333333,-0.992708874098054,-0.12053668025532357,20.0,15.0
Smartwatches,2019,38,22,51,149.99705882352941,-0.992708874098054,-0.12053668025532357,38.0,42.666666666666664
Washing machines,2019,38,22,36,369.15944444444443,-0.992708874098054,-0.12053668025532357,46.0,40.0
Air conditioners,2019,39,23,20,670.0,-1.0,-1.8369701987210297e-16,22.0,22.333333333333332
Bluetooth Headphones,2019,39,23,41,103.06692307692308,-1.0,-1.8369701987210297e-16,37.0,36.0
Phone accessories,2019,39,23,125,3.4668292682926825,-1.0,-1.8369701987210297e-16,119.0,124.66666666666667
Phone cables,2019,39,23,139,12.80408,-1.0,-1.8369701987210297e-16,140.0,146.0
Refrigerators,2019,39,23,22,1286.3577272727273,-1.0,-1.8369701987210297e-16,6.0,12.666666666666666
Smartwatches,2019,39,23,55,149.99672727272727,-1.0,-1.8369701987210297e-16,51.0,46.333333333333336
Washing machines,2019,39,23,38,364.46789473684214,-1.0,-1.8369701987210297e-16,36.0,39.333333333333336
Air conditioners,2019,39,24,21,647.6190476190476,-1.0,-1.8369701987210297e-16,20.0,18.666666666666668
Bluetooth Headphones,2019,39,24,51,101.75470588235294,-1.0,-1.8369701987210297e-16,41.0,36.666666666666664
Phone accessories,2019,39,24,120,3.4,-1.0,-1.8369701987210297e-16,125.0,127.0
Phone cables,2019,39,24,134,12.89816,-1.0,-1.8369701987210297e-16,139.0,143.0
Refrigerators,2019,39,24,16,1524.9975,-1.0,-1.8369701987210297e-16,22.0,16.0
Smartwatches,2019,39,24,55,149.99654545454544,-1.0,-1.8369701987210297e-16,55.0,48.0
Washing machines,2019,39,24,36,366.105,-1.0,-1.8369701987210297e-16,38.0,40.0
Air conditioners,2019,39,25,29,655.1724137931035,-1.0,-1.8369701987210297e-16,21.0,21.0
Bluetooth Headphones,2019,39,25,36,102.21222222222222,-1.0,-1.8369701987210297e-16,51.0,43.0
Phone accessories,2019,39,25,118,3.4261842105263156,-1.0,-1.8369701987210297e-16,120.0,121.33333333333333
Phone cables,2019,39,25,109,13.039320388349514,-1.0,-1.8369701987210297e-16,134.0,137.66666666666666
Refrigerators,2019,39,25,21,1466.6633333333334,-1.0,-1.8369701987210297e-16,16.0,14.666666666666666
Smartwatches,2019,39,25,46,149.99630434782608,-1.0,-1.8369701987210297e-16,55.0,53.666666666666664
Washing machines,2019,39,25,44,364.41209302325586,-1.0,-1.8369701987210297e-16,36.0,36.666666666666664
Air conditioners,2019,39,26,23,639.1304347826087,-1.0,-1.8369701987210297e-16,29.0,23.333333333333332
Bluetooth Headphones,2019,39,26,31,100.63516129032259,-1.0,-1.8369701987210297e-16,36.0,42.666666666666664
Phone accessories,2019,39,26,111,3.4446511627906977,-1.0,-1.8369701987210297e-16,118.0,121.0
Phone cables,2019,39,26,145,12.992089552238806,-1.0,-1.8369701987210297e-16,109.0,127.33333333333333
Refrigerators,2019,39,26,28,1424.9960714285714,-1.0,-1.8369701987210297e-16,21.0,19.666666666666668
Smartwatches,2019,39,26,55,149.99654545454544,-1.0,-1.8369701987210297e-16,46.0,52.0
Washing machines,2019,39,26,29,381.7158620689655,-1.0,-1.8369701987210297e-16,44.0,39.333333333333336
Air conditioners,2019,39,27,26,642.3076923076923,-1.0,-1.8369701987210297e-16,23.0,24.333333333333332
Bluetooth Headphones,2019,39,27,36,103.04555555555555,-1.0,-1.8369701987210297e-16,31.0,39.333333333333336
Phone accessories,2019,39,27,141,3.450416666666667,-1.0,-1.8369701987210297e-16,111.0,116.33333333333333
Phone cables,2019,39,27,163,12.988926174496644,-1.0,-1.8369701987210297e-16,145.0,129.33333333333334
Refrigerators,2019,39,27,16,1218.743125,-1.0,-1.8369701987210297e-16,28.0,21.666666666666668
Smartwatches,2019,39,27,43,149.9959523809524,-1.0,-1.8369701987210297e-16,55.0,52.0
Washing machines,2019,39,27,47,369.7802127659575,-1.0,-1.8369701987210297e-16,29.0,36.333333333333336
Air conditioners,2019,39,28,29,644.8275862068965,-1.0,-1.8369701987210297e-16,26.0,26.0
Bluetooth Headphones,2019,39,28,28,102.13285714285713,-1.0,-1.8369701987210297e-16,36.0,34.333333333333336
Phone accessories,2019,39,28,112,3.4261842105263156,-1.0,-1.8369701987210297e-16,141.0,123.33333333333333
Phone cables,2019,39,28,137,12.760937499999999,-1.0,-1.8369701987210297e-16,163.0,139.0
Refrigerators,2019,39,28,18,1427.773888888889,-1.0,-1.8369701987210297e-16,16.0,21.666666666666668
Smartwatches,2019,39,28,55,149.99703703703705,-1.0,-1.8369701987210297e-16,43.0,48.0
Washing machines,2019,39,28,40,361.49275,-1.0,-1.8369701987210297e-16,47.0,40.0
Air conditioners,2019,39,29,30,650.0,-1.0,-1.8369701987210297e-16,29.0,26.0
Bluetooth Headphones,2019,39,29,44,102.31558139534883,-1.0,-1.8369701987210297e-16,28.0,31.666666666666668
Phone accessories,2019,39,29,118,3.434767441860465,-1.0,-1.8369701987210297e-16,112.0,121.33333333333333
Phone cables,2019,39,29,152,13.075714285714286,-1.0,-1.8369701987210297e-16,137.0,148.33333333333334
Refrigerators,2019,39,29,18,1233.3266666666668,-1.0,-1.8369701987210297e-16,18.0,20.666666666666668
Smartwatches,2019,39,29,46,149.99652173913043,-1.0,-1.8369701987210297e-16,55.0,51.0
Washing machines,2019,39,29,49,363.054693877551,-1.0,-1.8369701987210297e-16,40.0,38.666666666666664
Air conditioners,2019,40,1,50,648.0,-0.992708874098054,0.1205366802553232,30.0,28.333333333333332
Bluetooth Headphones,2019,40,1,65,102.75923076923075,-0.992708874098054,0.1205366802553232,44.0,36.0
Phone accessories,2019,40,1,188,3.360161290322581,-0.992708874098054,0.1205366802553232,118.0,123.66666666666667
Phone cables,2019,40,1,259,13.04568281938326,-0.992708874098054,0.1205366802553232,152.0,150.66666666666666
Refrigerators,2019,40,1,43,1358.1346511627908,-0.992708874098054,0.1205366802553232,18.0,17.333333333333332
Smartwatches,2019,40,1,78,149.99740259740258,-0.992708874098054,0.1205366802553232,46.0,48.0
Washing machines,2019,40,1,56,363.9219642857143,-0.992708874098054,0.1205366802553232,49.0,45.333333333333336
Air conditioners,2019,40,2,44,652.2727272727273,-0.992708874098054,0.1205366802553232,50.0,36.333333333333336
Bluetooth Headphones,2019,40,2,67,102.86878787878787,-0.992708874098054,0.1205366802553232,65.0,45.666666666666664
Phone accessories,2019,40,2,237,3.474242424242424,-0.992708874098054,0.1205366802553232,188.0,139.33333333333334
Phone cables,2019,40,2,228,13.03281690140845,-0.992708874098054,0.1205366802553232,259.0,182.66666666666666
Refrigerators,2019,40,2,26,1307.9944,-0.992708874098054,0.1205366802553232,43.0,26.333333333333332
Smartwatches,2019,40,2,84,149.99771084337348,-0.992708874098054,0.1205366802553232,78.0,59.666666666666664
Washing machines,2019,40,2,81,366.7435,-0.992708874098054,0.1205366802553232,56.0,48.333333333333336
Air conditioners,2019,40,3,44,656.8181818181819,-0.992708874098054,0.1205366802553232,44.0,41.333333333333336
Bluetooth Headphones,2019,40,3,61,101.95721311475408,-0.992708874098054,0.1205366802553232,67.0,58.666666666666664
Phone accessories,2019,40,3,209,3.3417241379310347,-0.992708874098054,0.1205366802553232,237.0,181.0
Phone cables,2019,40,3,222,12.890676328502416,-0.992708874098054,0.1205366802553232,228.0,213.0
Refrigerators,2019,40,3,18,1349.995,-0.992708874098054,0.1205366802553232,26.0,29.0
Smartwatches,2019,40,3,82,149.99743902439025,-0.992708874098054,0.1205366802553232,84.0,69.33333333333333
Washing machines,2019,40,3,67,368.05328358208953,-0.992708874098054,0.1205366802553232,81.0,62.0
Air conditioners,2019,40,4,58,646.551724137931,-0.992708874098054,0.1205366802553232,44.0,46.0
Bluetooth Headphones,2019,40,4,62,102.77688524590162,-0.992708874098054,0.1205366802553232,61.0,64.33333333333333
Phone accessories,2019,40,4,216,3.4025,-0.992708874098054,0.1205366802553232,209.0,211.33333333333334
Phone cables,2019,40,4,231,13.019074074074073,-0.992708874098054,0.1205366802553232,222.0,236.33333333333334
Refrigerators,2019,40,4,31,1361.2854838709677,-0.992708874098054,0.1205366802553232,18.0,29.0
Smartwatches,2019,40,4,65,149.99753846153845,-0.992708874098054,0.1205366802553232,82.0,81.33333333333333
Washing machines,2019,40,4,59,363.8922033898305,-0.992708874098054,0.1205366802553232,67.0,68.0
Air conditioners,2019,40,5,51,645.0980392156863,-0.992708874098054,0.1205366802553232,58.0,48.666666666666664
Bluetooth Headphones,2019,40,5,67,101.7810447761194,-0.992708874098054,0.1205366802553232,62.0,63.333333333333336
Phone accessories,2019,40,5,201,3.415,-0.992708874098054,0.1205366802553232,216.0,220.66666666666666
Phone cables,2019,40,5,256,13.064430379746835,-0.992708874098054,0.1205366802553232,231.0,227.0
Refrigerators,2019,40,5,31,1361.2854838709677,-0.992708874098054,0.1205366802553232,31.0,25.0
Smartwatches,2019,40,5,98,149.99625,-0.992708874098054,0.1205366802553232,65.0,77.0
Washing machines,2019,40,5,62,355.63919354838714,-0.992708874098054,0.1205366802553232,59.0,69.0
Air conditioners,2019,40,6,51,649.0196078431372,-0.992708874098054,0.1205366802553232,51.0,51.0
Bluetooth Headphones,2019,40,6,62,102.40935483870967,-0.992708874098054,0.1205366802553232,67.0,63.333333333333336
Phone accessories,2019,40,6,178,3.4243065693430657,-0.992708874098054,0.1205366802553232,201.0,208.66666666666666
Phone cables,2019,40,6,226,12.966744186046512,-0.992708874098054,0.1205366802553232,256.0,236.33333333333334
Refrigerators,2019,40,6,38,1386.8376315789474,-0.992708874098054,0.1205366802553232,31.0,26.666666666666668
Smartwatches,2019,40,6,93,149.99591397849463,-0.992708874098054,0.1205366802553232,98.0,81.66666666666667
Washing machines,2019,40,6,68,364.11117647058825,-0.992708874098054,0.1205366802553232,62.0,62.666666666666664
Air conditioners,2019,40,30,36,647.2222222222222,-0.992708874098054,0.1205366802553232,51.0,53.333333333333336
Bluetooth Headphones,2019,40,30,32,103.4275,-0.992708874098054,0.1205366802553232,62.0,63.666666666666664
Phone accessories,2019,40,30,108,3.4694871794871793,-0.992708874098054,0.1205366802553232,178.0,198.33333333333334
Phone cables,2019,40,30,152,12.91115107913669,-0.992708874098054,0.1205366802553232,226.0,237.66666666666666
Refrigerators,2019,40,30,18,1349.995,-0.992708874098054,0.1205366802553232,38.0,33.333333333333336
Smartwatches,2019,40,30,43,149.99674418604653,-0.992708874098054,0.1205366802553232,93.0,85.33333333333333
Washing machines,2019,40,30,34,369.6991176470588,-0.992708874098054,0.1205366802553232,68.0,63.0
Air conditioners,2019,41,7,47,646.8085106382979,-0.9709418174260521,0.23931566428755738,36.0,46.0
Bluetooth Headphones,2019,41,7,72,102.84714285714284,-0.9709418174260521,0.23931566428755738,32.0,53.666666666666664
Phone accessories,2019,41,7,221,3.417639751552795,-0.9709418174260521,0.23931566428755738,108.0,162.33333333333334
Phone cables,2019,41,7,225,13.066699029126212,-0.9709418174260521,0.23931566428755738,152.0,211.33333333333334
Refrigerators,2019,41,7,29,1410.3406896551724,-0.9709418174260521,0.23931566428755738,18.0,29.0
Smartwatches,2019,41,7,80,149.99725,-0.9709418174260521,0.23931566428755738,43.0,78.0
Washing machines,2019,41,7,77,356.48818181818183,-0.9709418174260521,0.23931566428755738,34.0,54.666666666666664
Air conditioners,2019,41,8,41,651.219512195122,-0.9709418174260521,0.23931566428755738,47.0,44.666666666666664
Bluetooth Headphones,2019,41,8,59,101.85440677966102,-0.9709418174260521,0.23931566428755738,72.0,55.333333333333336
Phone accessories,2019,41,8,217,3.3858904109589045,-0.9709418174260521,0.23931566428755738,221.0,169.0
Phone cables,2019,41,8,237,13.045506607929514,-0.9709418174260521,0.23931566428755738,225.0,201.0
Refrigerators,2019,41,8,27,1388.8844444444444,-0.9709418174260521,0.23931566428755738,29.0,28.333333333333332
Smartwatches,2019,41,8,80,149.99658227848101,-0.9709418174260521,0.23931566428755738,80.0,72.0
Washing machines,2019,41,8,60,374.159,-0.9709418174260521,0.23931566428755738,77.0,59.666666666666664
Air conditioners,2019,41,9,31,638.7096774193549,-0.9709418174260521,0.23931566428755738,41.0,41.333333333333336
Bluetooth Headphones,2019,41,9,56,102.39740740740741,-0.9709418174260521,0.23931566428755738,59.0,54.333333333333336
Phone accessories,2019,41,9,177,3.378188976377953,-0.9709418174260521,0.23931566428755738,217.0,182.0
Phone cables,2019,41,9,239,13.168280542986425,-0.9709418174260521,0.23931566428755738,237.0,204.66666666666666
Refrigerators,2019,41,9,32,1262.49375,-0.9709418174260521,0.23931566428755738,27.0,24.666666666666668
Smartwatches,2019,41,9,78,149.99653846153845,-0.9709418174260521,0.23931566428755738,80.0,67.66666666666667
Washing machines,2019,41,9,67,369.09731343283585,-0.9709418174260521,0.23931566428755738,60.0,57.0
Air conditioners,2019,41,10,42,650.0,-0.9709418174260521,0.23931566428755738,31.0,39.666666666666664
Bluetooth Headphones,2019,41,10,59,102.19338983050847,-0.9709418174260521,0.23931566428755738,56.0,62.333333333333336
Phone accessories,2019,41,10,190,3.4396376811594203,-0.9709418174260521,0.23931566428755738,177.0,205.0
Phone cables,2019,41,10,255,12.979491525423729,-0.9709418174260521,0.23931566428755738,239.0,233.66666666666666
Refrigerators,2019,41,10,34,1329.4064705882354,-0.9709418174260521,0.23931566428755738,32.0,29.333333333333332
Smartwatches,2019,41,10,98,149.99693877551022,-0.9709418174260521,0.23931566428755738,78.0,79.33333333333333
Washing machines,2019,41,10,78,361.9418181818182,-0.9709418174260521,0.23931566428755738,67.0,68.0
Air conditioners,2019,41,11,41,653.6585365853658,-0.9709418174260521,0.23931566428755738,42.0,38.0
Bluetooth Headphones,2019,41,11,60,102.70186440677966,-0.9709418174260521,0.23931566428755738,59.0,58.0
Phone accessories,2019,41,11,195,3.5130769230769228,-0.9709418174260521,0.23931566428755738,190.0,194.66666666666666
Phone cables,2019,41,11,218,13.06108910891089,-0.9709418174260521,0.23931566428755738,255.0,243.66666666666666
Refrigerators,2019,41,11,32,1415.6209375,-0.9709418174260521,0.23931566428755738,34.0,31.0
Smartwatches,2019,41,11,69,149.9968115942029,-0.9709418174260521,0.23931566428755738,98.0,85.33333333333333
Washing machines,2019,41,11,67,367.0074626865672,-0.9709418174260521,0.23931566428755738,78.0,68.33333333333333
Air conditioners,2019,41,12,51,654.9019607843137,-0.9709418174260521,0.23931566428755738,41.0,38.0
Bluetooth Headphones,2019,41,12,64,101.60290322580646,-0.9709418174260521,0.23931566428755738,60.0,58.333333333333336
Phone accessories,2019,41,12,205,3.4179310344827587,-0.9709418174260521,0.23931566428755738,195.0,187.33333333333334
Phone cables,2019,41,12,216,12.951970443349754,-0.9709418174260521,0.23931566428755738,218.0,237.33333333333334
Refrigerators,2019,41,12,34,1329.4064705882354,-0.9709418174260521,0.23931566428755738,32.0,32.666666666666664
Smartwatches,2019,41,12,68,149.99716417910446,-0.9709418174260521,0.23931566428755738,69.0,81.66666666666667
Washing machines,2019,41,12,71,365.90830985915494,-0.9709418174260521,0.23931566428755738,67.0,70.66666666666667
Air conditioners,2019,41,13,54,630.188679245283,-0.9709418174260521,0.23931566428755738,51.0,44.666666666666664
Bluetooth Headphones,2019,41,13,63,102.37095238095237,-0.9709418174260521,0.23931566428755738,64.0,61.0
Phone accessories,2019,41,13,200,3.470689655172414,-0.9709418174260521,0.23931566428755738,205.0,196.66666666666666
Phone cables,2019,41,13,250,13.213999999999999,-0.9709418174260521,0.23931566428755738,216.0,229.66666666666666
Refrigerators,2019,41,13,32,1415.6209375,-0.9709418174260521,0.23931566428755738,34.0,33.333333333333336
Smartwatches,2019,41,13,70,149.9962857142857,-0.9709418174260521,0.23931566428755738,68.0,78.33333333333333
Washing machines,2019,41,13,60,375.82616666666667,-0.9709418174260521,0.23931566428755738,71.0,72.0
Air conditioners,2019,42,14,51,658.8235294117648,-0.9350162426854148,0.35460488704253557,54.0,48.666666666666664
Bluetooth Headphones,2019,42,14,45,102.65666666666667,-0.9350162426854148,0.35460488704253557,63.0,62.333333333333336
Phone accessories,2019,42,14,171,3.4252,-0.9350162426854148,0.35460488704253557,200.0,200.0
Phone cables,2019,42,14,248,13.050436681222706,-0.9350162426854148,0.35460488704253557,250.0,228.0
Refrigerators,2019,42,14,35,1419.996,-0.9350162426854148,0.35460488704253557,32.0,32.666666666666664
Smartwatches,2019,42,14,77,149.99662337662338,-0.9350162426854148,0.35460488704253557,70.0,69.0
Washing machines,2019,42,14,68,365.1404411764706,-0.9350162426854148,0.35460488704253557,60.0,66.0
Air conditioners,2019,42,15,44,643.1818181818181,-0.9350162426854148,0.35460488704253557,51.0,52.0
Bluetooth Headphones,2019,42,15,56,101.77571428571427,-0.9350162426854148,0.35460488704253557,45.0,57.333333333333336
Phone accessories,2019,42,15,205,3.4664331210191084,-0.9350162426854148,0.35460488704253557,171.0,192.0
Phone cables,2019,42,15,256,12.927573221757322,-0.9350162426854148,0.35460488704253557,248.0,238.0
Refrigerators,2019,42,15,29,1313.7875862068963,-0.9350162426854148,0.35460488704253557,35.0,33.666666666666664
Smartwatches,2019,42,15,80,149.99683544303798,-0.9350162426854148,0.35460488704253557,77.0,71.66666666666667
Washing machines,2019,42,15,55,354.90309090909096,-0.9350162426854148,0.35460488704253557,68.0,66.33333333333333
Air conditioners,2019,42,16,41,639.0243902439024,-0.9350162426854148,0.35460488704253557,44.0,49.666666666666664
Bluetooth Headphones,2019,42,16,60,102.79701754385964,-0.9350162426854148,0.35460488704253557,56.0,54.666666666666664
Phone accessories,2019,42,16,215,3.3848818897637796,-0.9350162426854148,0.35460488704253557,205.0,192.0
Phone cables,2019,42,16,240,12.91490909090909,-0.9350162426854148,0.35460488704253557,256.0,251.33333333333334
Refrigerators,2019,42,16,31,1406.4474193548388,-0.9350162426854148,0.35460488704253557,29.0,32.0
Smartwatches,2019,42,16,72,149.99666666666667,-0.9350162426854148,0.35460488704253557,80.0,75.66666666666667
Washing machines,2019,42,16,65,361.99323076923076,-0.9350162426854148,0.35460488704253557,55.0,61.0
Air conditioners,2019,42,17,41,653.6585365853658,-0.9350162426854148,0.35460488704253557,41.0,45.333333333333336
Bluetooth Headphones,2019,42,17,58,102.71727272727273,-0.9350162426854148,0.35460488704253557,60.0,53.666666666666664
Phone accessories,2019,42,17,216,3.3906369426751595,-0.9350162426854148,0.35460488704253557,215.0,197.0
Phone cables,2019,42,17,223,12.934,-0.9350162426854148,0.35460488704253557,240.0,248.0
Refrigerators,2019,42,17,40,1384.9955,-0.9350162426854148,0.35460488704253557,31.0,31.666666666666668
Smartwatches,2019,42,17,74,149.99675675675675,-0.9350162426854148,0.35460488704253557,72.0,76.33333333333333
Washing machines,2019,42,17,76,367.8596,-0.9350162426854148,0.35460488704253557,65.0,62.666666666666664
Air conditioners,2019,42,18,53,650.9433962264151,-0.9350162426854148,0.35460488704253557,41.0,42.0
Bluetooth Headphones,2019,42,18,55,102.68230769230769,-0.9350162426854148,0.35460488704253557,58.0,58.0
Phone accessories,2019,42,18,218,3.485364238410596,-0.9350162426854148,0.35460488704253557,216.0,212.0
Phone cables,2019,42,18,242,12.94066079295154,-0.9350162426854148,0.35460488704253557,223.0,239.66666666666666
Refrigerators,2019,42,18,26,1457.6888461538463,-0.9350162426854148,0.35460488704253557,40.0,33.333333333333336
Smartwatches,2019,42,18,70,149.9967142857143,-0.9350162426854148,0.35460488704253557,74.0,75.33333333333333
Washing machines,2019,42,18,74,368.7764864864865,-0.9350162426854148,0.35460488704253557,76.0,65.33333333333333
Air conditioners,2019,42,19,36,650.0,-0.9350162426854148,0.35460488704253557,53.0,45.0
Bluetooth Headphones,2019,42,19,62,102.0867741935484,-0.9350162426854148,0.35460488704253557,55.0,57.666666666666664
Phone accessories,2019,42,19,249,3.4,-0.9350162426854148,0.35460488704253557,218.0,216.33333333333334
Phone cables,2019,42,19,236,12.975585585585586,-0.9350162426854148,0.35460488704253557,242.0,235.0
Refrigerators,2019,42,19,38,1276.3097368421052,-0.9350162426854148,0.35460488704253557,26.0,32.333333333333336
Smartwatches,2019,42,19,89,149.9970786516854,-0.9350162426854148,0.35460488704253557,70.0,72.0
Washing machines,2019,42,19,60,363.16083333333336,-0.9350162426854148,0.35460488704253557,74.0,71.66666666666667
Air conditioners,2019,42,20,46,656.5217391304348,-0.9350162426854148,0.35460488704253557,36.0,43.333333333333336
Bluetooth Headphones,2019,42,20,70,102.84714285714284,-0.9350162426854148,0.35460488704253557,62.0,58.333333333333336
Phone accessories,2019,42,20,177,3.4116,-0.9350162426854148,0.35460488704253557,249.0,227.66666666666666
Phone cables,2019,42,20,262,12.970890688259109,-0.9350162426854148,0.35460488704253557,236.0,233.66666666666666
Refrigerators,2019,42,20,36,1408.3291666666667,-0.9350162426854148,0.35460488704253557,38.0,34.666666666666664
Smartwatches,2019,42,20,77,149.99675324675326,-0.9350162426854148,0.35460488704253557,89.0,77.66666666666667
Washing machines,2019,42,20,70,367.422,-0.9350162426854148,0.35460488704253557,60.0,70.0
Air conditioners,2019,43,21,38,655.2631578947369,-0.8854560256532101,0.464723172043768,46.0,45.0
Bluetooth Headphones,2019,43,21,58,103.02571428571427,-0.8854560256532101,0.464723172043768,70.0,62.333333333333336
Phone accessories,2019,43,21,177,3.428076923076923,-0.8854560256532101,0.464723172043768,177.0,214.66666666666666
Phone cables,2019,43,21,254,12.987948717948717,-0.8854560256532101,0.464723172043768,262.0,246.66666666666666
Refrigerators,2019,43,21,30,1419.9959999999999,-0.8854560256532101,0.464723172043768,36.0,33.333333333333336
Smartwatches,2019,43,21,83,149.99646341463415,-0.8854560256532101,0.464723172043768,77.0,78.66666666666667
Washing machines,2019,43,21,70,359.26971014492756,-0.8854560256532101,0.464723172043768,70.0,68.0
Air conditioners,2019,43,22,50,650.0,-0.8854560256532101,0.464723172043768,38.0,40.0
Bluetooth Headphones,2019,43,22,72,101.79555555555555,-0.8854560256532101,0.464723172043768,58.0,63.333333333333336
Phone accessories,2019,43,22,197,3.4302877697841727,-0.8854560256532101,0.464723172043768,177.0,201.0
Phone cables,2019,43,22,258,12.922268907563025,-0.8854560256532101,0.464723172043768,254.0,250.66666666666666
Refrigerators,2019,43,22,33,1530.300606060606,-0.8854560256532101,0.464723172043768,30.0,34.666666666666664
Smartwatches,2019,43,22,87,149.99701149425286,-0.8854560256532101,0.464723172043768,83.0,83.0
Washing machines,2019,43,22,73,366.9795890410959,-0.8854560256532101,0.464723172043768,70.0,66.66666666666667
Air conditioners,2019,43,23,45,648.8888888888889,-0.8854560256532101,0.464723172043768,50.0,44.666666666666664
Bluetooth Headphones,2019,43,23,61,102.49,-0.8854560256532101,0.464723172043768,72.0,66.66666666666667
Phone accessories,2019,43,23,244,3.410170454545455,-0.8854560256532101,0.464723172043768,197.0,183.66666666666666
Phone cables,2019,43,23,229,13.059259259259258,-0.8854560256532101,0.464723172043768,258.0,258.0
Refrigerators,2019,43,23,29,1386.2024137931035,-0.8854560256532101,0.464723172043768,33.0,33.0
Smartwatches,2019,43,23,75,149.99613333333335,-0.8854560256532101,0.464723172043768,87.0,82.33333333333333
Washing machines,2019,43,23,76,363.1938666666667,-0.8854560256532101,0.464723172043768,73.0,71.0
Air conditioners,2019,43,24,49,642.8571428571429,-0.8854560256532101,0.464723172043768,45.0,44.333333333333336
Bluetooth Headphones,2019,43,24,47,101.69212765957447,-0.8854560256532101,0.464723172043768,61.0,63.666666666666664
Phone accessories,2019,43,24,223,3.3749056603773586,-0.8854560256532101,0.464723172043768,244.0,206.0
Phone cables,2019,43,24,238,12.776787330316742,-0.8854560256532101,0.464723172043768,229.0,247.0
Refrigerators,2019,43,24,26,1296.1480769230768,-0.8854560256532101,0.464723172043768,29.0,30.666666666666668
Smartwatches,2019,43,24,88,149.99738636363637,-0.8854560256532101,0.464723172043768,75.0,81.66666666666667
Washing machines,2019,43,24,63,362.5336507936508,-0.8854560256532101,0.464723172043768,76.0,73.0
Air conditioners,2019,43,25,41,656.0975609756098,-0.8854560256532101,0.464723172043768,49.0,48.0
Bluetooth Headphones,2019,43,25,59,101.71413793103449,-0.8854560256532101,0.464723172043768,47.0,60.0
Phone accessories,2019,43,25,197,3.453103448275862,-0.8854560256532101,0.464723172043768,223.0,221.33333333333334
Phone cables,2019,43,25,266,13.133703703703702,-0.8854560256532101,0.464723172043768,238.0,241.66666666666666
Refrigerators,2019,43,25,38,1368.4163157894736,-0.8854560256532101,0.464723172043768,26.0,29.333333333333332
Smartwatches,2019,43,25,77,149.997012987013,-0.8854560256532101,0.464723172043768,88.0,83.33333333333333
Washing machines,2019,43,25,64,364.05546875,-0.8854560256532101,0.464723172043768,63.0,70.66666666666667
Air conditioners,2019,43,26,53,649.0566037735849,-0.8854560256532101,0.464723172043768,41.0,45.0
Bluetooth Headphones,2019,43,26,84,101.79722891566266,-0.8854560256532101,0.464723172043768,59.0,55.666666666666664
Phone accessories,2019,43,26,209,3.4515894039735104,-0.8854560256532101,0.464723172043768,197.0,221.33333333333334
Phone cables,2019,43,26,273,13.157563025210084,-0.8854560256532101,0.464723172043768,266.0,244.33333333333334
Refrigerators,2019,43,26,27,1414.8107407407408,-0.8854560256532101,0.464723172043768,38.0,31.0
Smartwatches,2019,43,26,81,149.996625,-0.8854560256532101,0.464723172043768,77.0,80.0
Washing machines,2019,43,26,81,363.08012345679015,-0.8854560256532101,0.464723172043768,64.0,67.66666666666667
Air conditioners,2019,43,27,51,662.7450980392157,-0.8854560256532101,0.464723172043768,53.0,47.666666666666664
Bluetooth Headphones,2019,43,27,64,102.8025,-0.8854560256532101,0.464723172043768,84.0,63.333333333333336
Phone accessories,2019,43,27,209,3.3567808219178086,-0.8854560256532101,0.464723172043768,209.0,209.66666666666666
Phone cables,2019,43,27,245,12.965478260869565,-0.8854560256532101,0.464723172043768,273.0,259.0
Refrigerators,2019,43,27,26,1403.841923076923,-0.8854560256532101,0.464723172043768,27.0,30.333333333333332
Smartwatches,2019,43,27,65,149.99584615384614,-0.8854560256532101,0.464723172043768,81.0,82.0
Washing machines,2019,43,27,78,373.19794871794875,-0.8854560256532101,0.464723172043768,81.0,69.33333333333333
Air conditioners,2019,44,1,41,656.0975609756098,-0.822983865893657,0.5680647467311548,51.0,48.333333333333336
Bluetooth Headphones,2019,44,1,67,102.52731343283583,-0.822983865893657,0.5680647467311548,64.0,69.0
Phone accessories,2019,44,1,201,3.395078125,-0.822983865893657,0.5680647467311548,209.0,205.0
Phone cables,2019,44,1,216,12.950425531914894,-0.822983865893657,0.5680647467311548,245.0,261.3333333333333
Refrigerators,2019,44,1,22,1445.450909090909,-0.822983865893657,0.5680647467311548,26.0,30.333333333333332
Smartwatches,2019,44,1,90,149.99670454545455,-0.822983865893657,0.5680647467311548,65.0,74.33333333333333
Washing machines,2019,44,1,67,365.9640298507463,-0.822983865893657,0.5680647467311548,78.0,74.33333333333333
Air conditioners,2019,44,2,55,652.7272727272727,-0.822983865893657,0.5680647467311548,41.0,48.333333333333336
Bluetooth Headphones,2019,44,2,51,102.59,-0.822983865893657,0.5680647467311548,67.0,71.66666666666667
Phone accessories,2019,44,2,171,3.4657462686567166,-0.822983865893657,0.5680647467311548,201.0,206.33333333333334
Phone cables,2019,44,2,214,13.01164948453608,-0.822983865893657,0.5680647467311548,216.0,244.66666666666666
Refrigerators,2019,44,2,35,1319.9945714285714,-0.822983865893657,0.5680647467311548,22.0,25.0
Smartwatches,2019,44,2,79,149.99730769230771,-0.822983865893657,0.5680647467311548,90.0,78.66666666666667
Washing machines,2019,44,2,66,351.81257575757576,-0.822983865893657,0.5680647467311548,67.0,75.33333333333333
Air conditioners,2019,44,3,34,650.0,-0.822983865893657,0.5680647467311548,55.0,49.0
Bluetooth Headphones,2019,44,3,48,103.18148936170212,-0.822983865893657,0.5680647467311548,51.0,60.666666666666664
Phone accessories,2019,44,3,167,3.382857142857143,-0.822983865893657,0.5680647467311548,171.0,193.66666666666666
Phone cables,2019,44,3,215,13.157272727272726,-0.822983865893657,0.5680647467311548,214.0,225.0
Refrigerators,2019,44,3,23,1334.777391304348,-0.822983865893657,0.5680647467311548,35.0,27.666666666666668
Smartwatches,2019,44,3,66,149.99742424242424,-0.822983865893657,0.5680647467311548,79.0,78.0
Washing machines,2019,44,3,51,369.79686274509805,-0.822983865893657,0.5680647467311548,66.0,70.33333333333333
Air conditioners,2019,44,28,46,656.5217391304348,-0.822983865893657,0.5680647467311548,34.0,43.333333333333336
Bluetooth Headphones,2019,44,28,54,102.0654716981132,-0.822983865893657,0.5680647467311548,48.0,55.333333333333336
Phone accessories,2019,44,28,206,3.3934810126582278,-0.822983865893657,0.5680647467311548,167.0,179.66666666666666
Phone cables,2019,44,28,262,12.888499999999999,-0.822983865893657,0.5680647467311548,215.0,215.0
Refrigerators,2019,44,28,35,1439.9962857142857,-0.822983865893657,0.5680647467311548,23.0,26.666666666666668
Smartwatches,2019,44,28,75,149.99733333333333,-0.822983865893657,0.5680647467311548,66.0,78.33333333333333
Washing machines,2019,44,28,67,373.7810606060606,-0.822983865893657,0.5680647467311548,51.0,61.333333333333336
Air conditioners,2019,44,29,49,648.9795918367347,-0.822983865893657,0.5680647467311548,46.0,45.0
Bluetooth Headphones,2019,44,29,51,102.53901960784313,-0.822983865893657,0.5680647467311548,54.0,51.0
Phone accessories,2019,44,29,172,3.364,-0.822983865893657,0.5680647467311548,206.0,181.33333333333334
Phone cables,2019,44,29,219,13.064975845410627,-0.822983865893657,0.5680647467311548,262.0,230.33333333333334
Refrigerators,2019,44,29,42,1316.6611904761903,-0.822983865893657,0.5680647467311548,35.0,31.0
Smartwatches,2019,44,29,86,149.9972093023256,-0.822983865893657,0.5680647467311548,75.0,73.33333333333333
Washing machines,2019,44,29,66,370.75060606060606,-0.822983865893657,0.5680647467311548,67.0,61.333333333333336
Air conditioners,2019,44,30,40,650.0,-0.822983865893657,0.5680647467311548,49.0,43.0
Bluetooth Headphones,2019,44,30,62,101.13754098360654,-0.822983865893657,0.5680647467311548,51.0,51.0
Phone accessories,2019,44,30,191,3.3831972789115645,-0.822983865893657,0.5680647467311548,172.0,181.66666666666666
Phone cables,2019,44,30,244,12.956637554585152,-0.822983865893657,0.5680647467311548,219.0,232.0
Refrigerators,2019,44,30,22,1349.995,-0.822983865893657,0.5680647467311548,42.0,33.333333333333336
Smartwatches,2019,44,30,72,149.99541666666667,-0.822983865893657,0.5680647467311548,86.0,75.66666666666667
Washing machines,2019,44,30,62,360.3166129032258,-0.822983865893657,0.5680647467311548,66.0,61.333333333333336
Air conditioners,2019,44,31,45,662.2222222222222,-0.822983865893657,0.5680647467311548,40.0,45.0
Bluetooth Headphones,2019,44,31,59,101.71413793103449,-0.822983865893657,0.5680647467311548,62.0,55.666666666666664
Phone accessories,2019,44,31,193,3.3862406015037596,-0.822983865893657,0.5680647467311548,191.0,189.66666666666666
Phone cables,2019,44,31,256,13.048515283842793,-0.822983865893657,0.5680647467311548,244.0,241.66666666666666
Refrigerators,2019,44,31,36,1311.1055555555556,-0.822983865893657,0.5680647467311548,22.0,33.0
Smartwatches,2019,44,31,91,149.99633333333333,-0.822983865893657,0.5680647467311548,72.0,77.66666666666667
Washing machines,2019,44,31,80,369.993625,-0.822983865893657,0.5680647467311548,62.0,65.0
Air conditioners,2019,45,4,49,665.3061224489796,-0.7485107481711011,0.6631226582407952,45.0,44.666666666666664
Bluetooth Headphones,2019,45,4,47,101.90489361702127,-0.7485107481711011,0.6631226582407952,59.0,57.333333333333336
Phone accessories,2019,45,4,225,3.398,-0.7485107481711011,0.6631226582407952,193.0,185.33333333333334
Phone cables,2019,45,4,215,13.051691542288557,-0.7485107481711011,0.6631226582407952,256.0,239.66666666666666
Refrigerators,2019,45,4,19,1368.4163157894736,-0.7485107481711011,0.6631226582407952,36.0,33.333333333333336
Smartwatches,2019,45,4,76,149.99684210526317,-0.7485107481711011,0.6631226582407952,91.0,83.0
Washing machines,2019,45,4,69,366.9495652173913,-0.7485107481711011,0.6631226582407952,80.0,69.33333333333333
Air conditioners,2019,45,5,39,643.5897435897435,-0.7485107481711011,0.6631226582407952,49.0,44.666666666666664
Bluetooth Headphones,2019,45,5,67,102.86878787878787,-0.7485107481711011,0.6631226582407952,47.0,56.0
Phone accessories,2019,45,5,184,3.3775999999999997,-0.7485107481711011,0.6631226582407952,225.0,203.0
Phone cables,2019,45,5,206,13.013191489361702,-0.7485107481711011,0.6631226582407952,215.0,238.33333333333334
Refrigerators,2019,45,5,25,1615.9988,-0.7485107481711011,0.6631226582407952,19.0,25.666666666666668
Smartwatches,2019,45,5,66,149.99651515151515,-0.7485107481711011,0.6631226582407952,76.0,79.66666666666667
Washing machines,2019,45,5,56,361.95803571428576,-0.7485107481711011,0.6631226582407952,69.0,70.33333333333333
Air conditioners,2019,45,6,38,639.4736842105264,-0.7485107481711011,0.6631226582407952,39.0,44.333333333333336
Bluetooth Headphones,2019,45,6,43,102.54813953488372,-0.7485107481711011,0.6631226582407952,67.0,57.666666666666664
Phone accessories,2019,45,6,200,3.4247328244274806,-0.7485107481711011,0.6631226582407952,184.0,200.66666666666666
Phone cables,2019,45,6,203,13.112594594594594,-0.7485107481711011,0.6631226582407952,206.0,225.66666666666666
Refrigerators,2019,45,6,20,1314.9945,-0.7485107481711011,0.6631226582407952,25.0,26.666666666666668
Smartwatches,2019,45,6,73,149.99652777777777,-0.7485107481711011,0.6631226582407952,66.0,77.66666666666667
Washing machines,2019,45,6,67,367.4550746268657,-0.7485107481711011,0.6631226582407952,56.0,68.33333333333333
Air conditioners,2019,45,7,38,650.0,-0.7485107481711011,0.6631226582407952,38.0,42.0
Bluetooth Headphones,2019,45,7,52,102.2976923076923,-0.7485107481711011,0.6631226582407952,43.0,52.333333333333336
Phone accessories,2019,45,7,216,3.3889795918367347,-0.7485107481711011,0.6631226582407952,200.0,203.0
Phone cables,2019,45,7,217,12.891928934010153,-0.7485107481711011,0.6631226582407952,203.0,208.0
Refrigerators,2019,45,7,38,1294.731052631579,-0.7485107481711011,0.6631226582407952,20.0,21.333333333333332
Smartwatches,2019,45,7,73,149.99712328767126,-0.7485107481711011,0.6631226582407952,73.0,71.66666666666667
Washing machines,2019,45,7,65,369.2243076923077,-0.7485107481711011,0.6631226582407952,67.0,64.0
Air conditioners,2019,45,8,33,645.4545454545455,-0.7485107481711011,0.6631226582407952,38.0,38.333333333333336
Bluetooth Headphones,2019,45,8,59,101.71413793103449,-0.7485107481711011,0.6631226582407952,52.0,54.0
Phone accessories,2019,45,8,219,3.4059574468085105,-0.7485107481711011,0.6631226582407952,216.0,200.0
Phone cables,2019,45,8,226,13.06747572815534,-0.7485107481711011,0.6631226582407952,217.0,208.66666666666666
Refrigerators,2019,45,8,29,1386.2024137931035,-0.7485107481711011,0.6631226582407952,38.0,27.666666666666668
Smartwatches,2019,45,8,89,149.9961797752809,-0.7485107481711011,0.6631226582407952,73.0,70.66666666666667
Washing machines,2019,45,8,55,376.5381818181818,-0.7485107481711011,0.6631226582407952,65.0,62.666666666666664
Air conditioners,2019,45,9,50,652.0,-0.7485107481711011,0.6631226582407952,33.0,36.333333333333336
Bluetooth Headphones,2019,45,9,58,102.27070175438595,-0.7485107481711011,0.6631226582407952,59.0,51.333333333333336
Phone accessories,2019,45,9,203,3.3491549295774647,-0.7485107481711011,0.6631226582407952,219.0,211.66666666666666
Phone cables,2019,45,9,194,13.00072625698324,-0.7485107481711011,0.6631226582407952,226.0,215.33333333333334
Refrigerators,2019,45,9,29,1434.4789655172412,-0.7485107481711011,0.6631226582407952,29.0,29.0
Smartwatches,2019,45,9,73,149.99638888888887,-0.7485107481711011,0.6631226582407952,89.0,78.33333333333333
Washing machines,2019,45,9,60,358.9769491525424,-0.7485107481711011,0.6631226582407952,55.0,62.333333333333336
Air conditioners,2019,45,10,32,646.875,-0.7485107481711011,0.6631226582407952,50.0,40.333333333333336
Bluetooth Headphones,2019,45,10,52,103.32333333333332,-0.7485107481711011,0.6631226582407952,58.0,56.333333333333336
Phone accessories,2019,45,10,188,3.4536363636363636,-0.7485107481711011,0.6631226582407952,203.0,212.66666666666666
Phone cables,2019,45,10,203,13.087173913043477,-0.7485107481711011,0.6631226582407952,194.0,212.33333333333334
Refrigerators,2019,45,10,32,1328.1196875,-0.7485107481711011,0.6631226582407952,29.0,32.0
Smartwatches,2019,45,10,66,149.9969696969697,-0.7485107481711011,0.6631226582407952,73.0,78.33333333333333
Washing machines,2019,45,10,63,368.0890476190476,-0.7485107481711011,0.6631226582407952,60.0,60.0
Air conditioners,2019,46,11,38,650.0,-0.6631226582407955,0.7485107481711007,32.0,38.333333333333336
Bluetooth Headphones,2019,46,11,54,101.75470588235294,-0.6631226582407955,0.7485107481711007,52.0,56.333333333333336
Phone accessories,2019,46,11,159,3.459736842105263,-0.6631226582407955,0.7485107481711007,188.0,203.33333333333334
Phone cables,2019,46,11,208,12.87021164021164,-0.6631226582407955,0.7485107481711007,203.0,207.66666666666666
Refrigerators,2019,46,11,33,1403.0260606060606,-0.6631226582407955,0.7485107481711007,32.0,30.0
Smartwatches,2019,46,11,73,149.99698630136987,-0.6631226582407955,0.7485107481711007,66.0,76.0
Washing machines,2019,46,11,57,355.7845614035088,-0.6631226582407955,0.7485107481711007,63.0,59.333333333333336
Air conditioners,2019,46,12,44,672.7272727272727,-0.6631226582407955,0.7485107481711007,38.0,40.0
Bluetooth Headphones,2019,46,12,54,103.00886792452829,-0.6631226582407955,0.7485107481711007,54.0,54.666666666666664
Phone accessories,2019,46,12,218,3.3550641025641026,-0.6631226582407955,0.7485107481711007,159.0,183.33333333333334
Phone cables,2019,46,12,203,13.081398963730571,-0.6631226582407955,0.7485107481711007,208.0,201.66666666666666
Refrigerators,2019,46,12,26,1323.0715384615385,-0.6631226582407955,0.7485107481711007,33.0,31.333333333333332
Smartwatches,2019,46,12,54,149.9966037735849,-0.6631226582407955,0.7485107481711007,73.0,70.66666666666667
Washing machines,2019,46,12,53,366.7847169811321,-0.6631226582407955,0.7485107481711007,57.0,60.0
Air conditioners,2019,46,13,34,638.2352941176471,-0.6631226582407955,0.7485107481711007,44.0,38.0
Bluetooth Headphones,2019,46,13,57,102.27070175438595,-0.6631226582407955,0.7485107481711007,54.0,53.333333333333336
Phone accessories,2019,46,13,217,3.4035135135135137,-0.6631226582407955,0.7485107481711007,218.0,188.33333333333334
Phone cables,2019,46,13,224,13.016731707317073,-0.6631226582407955,0.7485107481711007,203.0,204.66666666666666
Refrigerators,2019,46,13,23,1395.6478260869567,-0.6631226582407955,0.7485107481711007,26.0,30.333333333333332
Smartwatches,2019,46,13,76,149.99776315789472,-0.6631226582407955,0.7485107481711007,54.0,64.33333333333333
Washing machines,2019,46,13,53,356.78641509433965,-0.6631226582407955,0.7485107481711007,53.0,57.666666666666664
Air conditioners,2019,46,14,35,654.2857142857143,-0.6631226582407955,0.7485107481711007,34.0,38.666666666666664
Bluetooth Headphones,2019,46,14,38,100.8008108108108,-0.6631226582407955,0.7485107481711007,57.0,55.0
Phone accessories,2019,46,14,184,3.4118045112781954,-0.6631226582407955,0.7485107481711007,217.0,198.0
Phone cables,2019,46,14,212,13.201937172774867,-0.6631226582407955,0.7485107481711007,224.0,211.66666666666666
Refrigerators,2019,46,14,28,1249.9935714285714,-0.6631226582407955,0.7485107481711007,23.0,27.333333333333332
Smartwatches,2019,46,14,84,149.99690476190477,-0.6631226582407955,0.7485107481711007,76.0,67.66666666666667
Washing machines,2019,46,14,61,357.53524590163937,-0.6631226582407955,0.7485107481711007,53.0,54.333333333333336
Air conditioners,2019,46,15,37,656.7567567567568,-0.6631226582407955,0.7485107481711007,35.0,37.666666666666664
Bluetooth Headphones,2019,46,15,59,102.70186440677966,-0.6631226582407955,0.7485107481711007,38.0,49.666666666666664
Phone accessories,2019,46,15,170,3.432276422764228,-0.6631226582407955,0.7485107481711007,184.0,206.33333333333334
Phone cables,2019,46,15,178,13.05142857142857,-0.6631226582407955,0.7485107481711007,212.0,213.0
Refrigerators,2019,46,15,35,1379.9954285714284,-0.6631226582407955,0.7485107481711007,28.0,25.666666666666668
Smartwatches,2019,46,15,71,149.99710144927536,-0.6631226582407955,0.7485107481711007,84.0,71.33333333333333
Washing machines,2019,46,15,50,366.7928,-0.6631226582407955,0.7485107481711007,61.0,55.666666666666664
Air conditioners,2019,46,16,41,643.9024390243902,-0.6631226582407955,0.7485107481711007,37.0,35.333333333333336
Bluetooth Headphones,2019,46,16,58,103.14789473684209,-0.6631226582407955,0.7485107481711007,59.0,51.333333333333336
Phone accessories,2019,46,16,172,3.384642857142857,-0.6631226582407955,0.7485107481711007,170.0,190.33333333333334
Phone cables,2019,46,16,226,13.010377358490565,-0.6631226582407955,0.7485107481711007,178.0,204.66666666666666
Refrigerators,2019,46,16,19,1405.2589473684209,-0.6631226582407955,0.7485107481711007,35.0,28.666666666666668
Smartwatches,2019,46,16,76,149.99648648648648,-0.6631226582407955,0.7485107481711007,71.0,77.0
Washing machines,2019,46,16,55,367.99454545454546,-0.6631226582407955,0.7485107481711007,50.0,54.666666666666664
Air conditioners,2019,46,17,44,638.6363636363636,-0.6631226582407955,0.7485107481711007,41.0,37.666666666666664
Bluetooth Headphones,2019,46,17,63,102.84714285714286,-0.6631226582407955,0.7485107481711007,58.0,51.666666666666664
Phone accessories,2019,46,17,183,3.387872340425532,-0.6631226582407955,0.7485107481711007,172.0,175.33333333333334
Phone cables,2019,46,17,222,12.845882352941176,-0.6631226582407955,0.7485107481711007,226.0,205.33333333333334
Refrigerators,2019,46,17,28,1274.9939285714286,-0.6631226582407955,0.7485107481711007,19.0,27.333333333333332
Smartwatches,2019,46,17,81,149.996125,-0.6631226582407955,0.7485107481711007,76.0,77.0
Washing machines,2019,46,17,50,363.5942,-0.6631226582407955,0.7485107481711007,55.0,55.333333333333336
Air conditioners,2019,47,18,43,652.3809523809524,-0.5680647467311559,0.8229838658936564,44.0,40.666666666666664
Bluetooth Headphones,2019,47,18,57,102.27070175438595,-0.5680647467311559,0.8229838658936564,63.0,60.0
Phone accessories,2019,47,18,214,3.406442953020134,-0.5680647467311559,0.8229838658936564,183.0,175.0
Phone cables,2019,47,18,200,13.108279569892472,-0.5680647467311559,0.8229838658936564,222.0,208.66666666666666
Refrigerators,2019,47,18,24,1291.6608333333334,-0.5680647467311559,0.8229838658936564,28.0,27.333333333333332
Smartwatches,2019,47,18,80,149.99708860759495,-0.5680647467311559,0.8229838658936564,81.0,76.0
Washing machines,2019,47,18,55,365.62927272727273,-0.5680647467311559,0.8229838658936564,50.0,51.666666666666664
Air conditioners,2019,47,19,48,654.1666666666666,-0.5680647467311559,0.8229838658936564,43.0,42.666666666666664
Bluetooth Headphones,2019,47,19,56,101.9542857142857,-0.5680647467311559,0.8229838658936564,57.0,59.333333333333336
Phone accessories,2019,47,19,190,3.4082539682539683,-0.5680647467311559,0.8229838658936564,214.0,189.66666666666666
Phone cables,2019,47,19,241,12.95896860986547,-0.5680647467311559,0.8229838658936564,200.0,216.0
Refrigerators,2019,47,19,26,1511.5357692307693,-0.5680647467311559,0.8229838658936564,24.0,23.666666666666668
Smartwatches,2019,47,19,71,149.99542857142856,-0.5680647467311559,0.8229838658936564,80.0,79.0
Washing machines,2019,47,19,56,366.24357142857144,-0.5680647467311559,0.8229838658936564,55.0,53.333333333333336
Air conditioners,2019,47,20,50,656.0,-0.5680647467311559,0.8229838658936564,48.0,45.0
Bluetooth Headphones,2019,47,20,63,101.41857142857143,-0.5680647467311559,0.8229838658936564,56.0,58.666666666666664
Phone accessories,2019,47,20,159,3.356379310344828,-0.5680647467311559,0.8229838658936564,190.0,195.66666666666666
Phone cables,2019,47,20,190,12.815227272727272,-0.5680647467311559,0.8229838658936564,241.0,221.0
Refrigerators,2019,47,20,29,1434.4789655172412,-0.5680647467311559,0.8229838658936564,26.0,26.0
Smartwatches,2019,47,20,78,149.99679487179486,-0.5680647467311559,0.8229838658936564,71.0,77.33333333333333
Washing machines,2019,47,20,59,361.34983050847455,-0.5680647467311559,0.8229838658936564,56.0,53.666666666666664
Air conditioners,2019,47,21,50,658.0,-0.5680647467311559,0.8229838658936564,50.0,47.0
Bluetooth Headphones,2019,47,21,72,102.35111111111111,-0.5680647467311559,0.8229838658936564,63.0,58.666666666666664
Phone accessories,2019,47,21,209,3.4208219178082193,-0.5680647467311559,0.8229838658936564,159.0,187.66666666666666
Phone cables,2019,47,21,236,12.811735159817351,-0.5680647467311559,0.8229838658936564,190.0,210.33333333333334
Refrigerators,2019,47,21,18,1349.995,-0.5680647467311559,0.8229838658936564,29.0,26.333333333333332
Smartwatches,2019,47,21,83,149.99722891566265,-0.5680647467311559,0.8229838658936564,78.0,76.33333333333333
Washing machines,2019,47,21,50,356.79540000000003,-0.5680647467311559,0.8229838658936564,59.0,56.666666666666664
Air conditioners,2019,47,22,45,660.0,-0.5680647467311559,0.8229838658936564,50.0,49.333333333333336
Bluetooth Headphones,2019,47,22,54,102.76777777777778,-0.5680647467311559,0.8229838658936564,72.0,63.666666666666664
Phone accessories,2019,47,22,181,3.3693388429752065,-0.5680647467311559,0.8229838658936564,209.0,186.0
Phone cables,2019,47,22,211,13.213880597014924,-0.5680647467311559,0.8229838658936564,236.0,222.33333333333334
Refrigerators,2019,47,22,31,1383.8664516129033,-0.5680647467311559,0.8229838658936564,18.0,24.333333333333332
Smartwatches,2019,47,22,76,149.99671052631578,-0.5680647467311559,0.8229838658936564,83.0,77.33333333333333
Washing machines,2019,47,22,64,359.2,-0.5680647467311559,0.8229838658936564,50.0,55.0
Air conditioners,2019,47,23,42,654.7619047619048,-0.5680647467311559,0.8229838658936564,45.0,48.333333333333336
Bluetooth Headphones,2019,47,23,52,102.10538461538461,-0.5680647467311559,0.8229838658936564,54.0,63.0
Phone accessories,2019,47,23,152,3.4408695652173913,-0.5680647467311559,0.8229838658936564,181.0,183.0
Phone cables,2019,47,23,221,12.975882352941175,-0.5680647467311559,0.8229838658936564,211.0,212.33333333333334
Refrigerators,2019,47,23,23,1365.212608695652,-0.5680647467311559,0.8229838658936564,31.0,26.0
Smartwatches,2019,47,23,64,149.99640625,-0.5680647467311559,0.8229838658936564,76.0,79.0
Washing machines,2019,47,23,69,368.1098550724638,-0.5680647467311559,0.8229838658936564,64.0,57.666666666666664
Air conditioners,2019,47,24,49,642.8571428571429,-0.5680647467311559,0.8229838658936564,42.0,45.666666666666664
Bluetooth Headphones,2019,47,24,62,103.5383870967742,-0.5680647467311559,0.8229838658936564,52.0,59.333333333333336
Phone accessories,2019,47,24,184,3.4343181818181816,-0.5680647467311559,0.8229838658936564,152.0,180.66666666666666
